date,signals_json,fills_json,eod_portfolio_value,pnl_day,pnl_cum,cash,positions_json
2026-04-22,"{""BTC/USDT"":0.2514343159496091}","[{""ticker"":""BTC/USDT"",""qty_delta"":0.32161679274346466,""price"":78178.23,""cost_usd"":12.571715797480456,""notes"":""target_w=0.2514""}]",99987.43,-12.57,-12.57,74844.0,"{""BTC/USDT"":{""qty"":0.32161679274346466,""avg_cost"":78178.23}}"
2026-04-22,2026-04-22T21:00:00,daily,"{""BTC/USDT"":0.2514343159496091}",[],99987.43,0.0,-12.57,74844.0,"{""BTC/USDT"":{""qty"":0.32161679274346466,""avg_cost"":78178.23}}"
2026-05-01,2026-05-01T09:30:00,daily,"{""BTC/USDT"":0.2512951203431256}","[{""ticker"":""BTC/USDT"",""qty_delta"":0.0015391148385596187,""price"":77611.23,""cost_usd"":0.05972629786593171,""notes"":""target_w=0.2513""}]",99805.01,-182.42,-194.99,74724.48,"{""BTC/USDT"":{""qty"":0.3231559075820243,""avg_cost"":78175.52951366201}}"
2026-04-27,2026-04-27T21:00:00,daily,"{""BTC/USDT"":0.2703811291949471}","[{""ticker"":""BTC/USDT"",""qty_delta"":0.02704369459995304,""price"":76872.98,""cost_usd"":1.039464697054149,""notes"":""target_w=0.2704""}]",99565.4,-239.61,-434.6,72644.52,"{""BTC/USDT"":{""qty"":0.3501996021819773,""avg_cost"":78074.94187441481}}"
2026-04-28,2026-04-28T21:00:00,daily,"{""BTC/USDT"":0.27357943246994076}","[{""ticker"":""BTC/USDT"",""qty_delta"":0.005808460686203443,""price"":76379.69,""cost_usd"":0.22182421329470314,""notes"":""target_w=0.2736""}]",99392.43,-172.97,-607.57,72200.65,"{""BTC/USDT"":{""qty"":0.35600806286818076,""avg_cost"":78047.28293942772}}"
2026-04-29,2026-04-29T21:00:00,daily,"{""BTC/USDT"":0.2737278446881486}","[{""ticker"":""BTC/USDT"",""qty_delta"":0.0029001451692971525,""price"":75588.66,""cost_usd"":0.10960904357632245,""notes"":""target_w=0.2737""}]",99110.71,-281.72,-889.29,71981.32,"{""BTC/USDT"":{""qty"":0.3589082080374779,""avg_cost"":78027.41612311863}}"
2026-04-30,2026-04-30T21:00:00,daily,"{""BTC/USDT"":0.13783163052235664,""DOGE/USDT"":0.11258235725670594}","[{""ticker"":""BTC/USDT"",""qty_delta"":-0.1796030499016537,""price"":76413.96,""cost_usd"":6.862090135531486,""notes"":""target_w=0.1378""},{""ticker"":""DOGE/USDT"",""qty_delta"":105659.59988575676,""price"":0.10592,""cost_usd"":5.595732409949679,""notes"":""target_w=0.1126""}]",99394.46,283.75,-605.54,74501.58,"{""BTC/USDT"":{""qty"":0.1793051581358242,""avg_cost"":78027.41612311863},""DOGE/USDT"":{""qty"":105659.59988575676,""avg_cost"":0.10592}}"
2026-05-01,2026-05-01T21:00:00,daily,"{""BTC/USDT"":0.1409523719279193,""DOGE/USDT"":0.11203749323638441}","[{""ticker"":""BTC/USDT"",""qty_delta"":0.0006737612578262553,""price"":78386.01,""cost_usd"":0.02640672834679071,""notes"":""target_w=0.1410""},{""ticker"":""DOGE/USDT"",""qty_delta"":-2922.46425580066,""price"":0.10915,""cost_usd"":0.15949348676032102,""notes"":""target_w=0.1120""}]",100089.15,694.69,89.15,74767.56,"{""BTC/USDT"":{""qty"":0.17997891939365046,""avg_cost"":78028.7585395658},""DOGE/USDT"":{""qty"":102737.1356299561,""avg_cost"":0.10592}}"
2026-05-02,2026-05-02T21:00:00,daily,"{""BTC/USDT"":0.14140151736531706,""DOGE/USDT"":0.11443950983351511}","[{""ticker"":""BTC/USDT"",""qty_delta"":0.0003594343328271743,""price"":78434.15,""cost_usd"":0.014095963188058254,""notes"":""target_w=0.1414""},{""ticker"":""DOGE/USDT"",""qty_delta"":2761.161781686009,""price"":0.10851,""cost_usd"":0.1498068324653744,""notes"":""target_w=0.1144""}]",100031.9,-57.25,31.9,74439.59,"{""BTC/USDT"":{""qty"":0.18033835372647763,""avg_cost"":78029.5665296916},""DOGE/USDT"":{""qty"":105498.29741164211,""avg_cost"":0.1059877869614015}}"
2026-05-03,2026-05-03T21:00:00,daily,"{""BTC/USDT"":0.15140975223360922,""DOGE/USDT"":0.12876340907667289}","[{""ticker"":""BTC/USDT"",""qty_delta"":0.012075622148742554,""price"":78778.49,""cost_usd"":0.475649639344247,""notes"":""target_w=0.1514""},{""ticker"":""DOGE/USDT"",""qty_delta"":13104.052654107698,""price"":0.10869,""cost_usd"":0.7121397414874829,""notes"":""target_w=0.1288""}]",100111.8,79.9,111.8,72062.83,"{""BTC/USDT"":{""qty"":0.1924139758752202,""avg_cost"":78076.56788083895},""DOGE/USDT"":{""qty"":118602.35006574981,""avg_cost"":0.10628634716632814}}"
2026-05-04,2026-05-04T21:00:00,daily,"{""BTC/USDT"":0.15261384253754662,""DOGE/USDT"":0.13451797788706557}","[{""ticker"":""BTC/USDT"",""qty_delta"":-0.0007037447149194354,""price"":80035.32,""cost_usd"":0.028162216728442893,""notes"":""target_w=0.1526""},{""ticker"":""DOGE/USDT"",""qty_delta"":4066.6376518536563,""price"":0.11025,""cost_usd"":0.2241734005584328,""notes"":""target_w=0.1345""}]",100538.4,426.6,538.4,71670.55,"{""BTC/USDT"":{""qty"":0.19171023116030075,""avg_cost"":78076.56788083895},""DOGE/USDT"":{""qty"":122668.98771760346,""avg_cost"":0.10641774745055803}}"
2026-05-05,2026-05-05T21:00:00,daily,"{""BTC/USDT"":0.15715406624444217,""DOGE/USDT"":0.1345697336683157}","[{""ticker"":""BTC/USDT"",""qty_delta"":0.00316378673252668,""price"":81656.14,""cost_usd"":0.12917130618067058,""notes"":""target_w=0.1572""},{""ticker"":""DOGE/USDT"",""qty_delta"":-2680.612550879712,""price"":0.11356,""cost_usd"":0.15220518063895006,""notes"":""target_w=0.1346""}]",101254.88,716.48,1254.88,71716.34,"{""BTC/USDT"":{""qty"":0.19487401789282743,""avg_cost"":78134.6823637299},""DOGE/USDT"":{""qty"":119988.37516672375,""avg_cost"":0.10641774745055803}}"
2026-05-06,2026-05-06T21:00:00,daily,"{""BTC/USDT"":0.052955539295338167,""DOGE/USDT"":0.04429573857893379,""LINK/USDT"":0.03908267718950385,""ETC/USDT"":0.03765329616556247,""NEAR/USDT"":0.029450599919413584,""FIL/USDT"":0.028105435823612065}","[{""ticker"":""BTC/USDT"",""qty_delta"":-0.12912781930807143,""price"":81471.04,""cost_usd"":5.26008886598033,""notes"":""target_w=0.0530""},{""ticker"":""DOGE/USDT"",""qty_delta"":-80331.09831064194,""price"":0.11298,""cost_usd"":4.5379037435681635,""notes"":""target_w=0.0443""},{""ticker"":""ETC/USDT"",""qty_delta"":410.40962395350823,""price"":9.28,""cost_usd"":1.9043006551442783,""notes"":""target_w=0.0377""},{""ticker"":""FIL/USDT"",""qty_delta"":2649.4340556059765,""price"":1.073,""cost_usd"":1.4214213708326062,""notes"":""target_w=0.0281""},{""ticker"":""LINK/USDT"",""qty_delta"":394.1358003304923,""price"":10.03,""cost_usd"":1.976591038657419,""notes"":""target_w=0.0391""},{""ticker"":""NEAR/USDT"",""qty_delta"":1974.0921355915905,""price"":1.509,""cost_usd"":1.489452516303855,""notes"":""target_w=0.0295""}]",101132.62,-122.25,1132.62,77712.2,"{""BTC/USDT"":{""qty"":0.065746198584756,""avg_cost"":78134.6823637299},""DOGE/USDT"":{""qty"":39657.27685608181,""avg_cost"":0.10641774745055803},""ETC/USDT"":{""qty"":410.40962395350823,""avg_cost"":9.28},""FIL/USDT"":{""qty"":2649.4340556059765,""avg_cost"":1.073},""LINK/USDT"":{""qty"":394.1358003304923,""avg_cost"":10.03},""NEAR/USDT"":{""qty"":1974.0921355915905,""avg_cost"":1.509}}"
2026-05-07,2026-05-07T21:00:00,daily,"{""BTC/USDT"":0.04554169595759096,""DOGE/USDT"":0.03692809397640512,""LINK/USDT"":0.03373766903674809,""ETC/USDT"":0.03189501074823362,""NEAR/USDT"":0.026062559005023123,""ALGO/USDT"":0.021056299802923336,""FIL/USDT"":0.02261728447986979}","[{""ticker"":""ALGO/USDT"",""qty_delta"":16919.99384585071,""price"":0.1253,""cost_usd"":1.060037614442547,""notes"":""target_w=0.0211""},{""ticker"":""BTC/USDT"",""qty_delta"":-0.00855721685440615,""price"":80180.0,""cost_usd"":0.34305882369314256,""notes"":""target_w=0.0455""},{""ticker"":""DOGE/USDT"",""qty_delta"":-5245.956452552557,""price"":0.10805,""cost_usd"":0.28341279734915187,""notes"":""target_w=0.0369""},{""ticker"":""ETC/USDT"",""qty_delta"":-61.34636288446541,""price"":9.2,""cost_usd"":0.2821932692685409,""notes"":""target_w=0.0319""},{""ticker"":""FIL/USDT"",""qty_delta"":-540.8742606571705,""price"":1.08,""cost_usd"":0.29207210075487205,""notes"":""target_w=0.0226""},{""ticker"":""LINK/USDT"",""qty_delta"":-51.013381225879584,""price"":9.9,""cost_usd"":0.25251623706810394,""notes"":""target_w=0.0337""},{""ticker"":""NEAR/USDT"",""qty_delta"":-174.27348541084666,""price"":1.458,""cost_usd"":0.1270453708645072,""notes"":""target_w=0.0261""}]",100683.39,-449.23,683.39,78750.08,"{""BTC/USDT"":{""qty"":0.05718898173034985,""avg_cost"":78134.6823637299},""DOGE/USDT"":{""qty"":34411.32040352925,""avg_cost"":0.10641774745055803},""ETC/USDT"":{""qty"":349.0632610690428,""avg_cost"":9.28},""FIL/USDT"":{""qty"":2108.559794948806,""avg_cost"":1.073},""LINK/USDT"":{""qty"":343.12241910461273,""avg_cost"":10.03},""NEAR/USDT"":{""qty"":1799.8186501807438,""avg_cost"":1.509},""ALGO/USDT"":{""qty"":16919.99384585071,""avg_cost"":0.1253}}"
2026-05-08,2026-05-08T21:00:00,daily,"{""BTC/USDT"":0.046650185494478344,""DOGE/USDT"":0.03688438738615491,""LINK/USDT"":0.033274945292312265,""ETC/USDT"":0.030796891489722988,""NEAR/USDT"":0.025444174468795676,""ALGO/USDT"":0.02078096794977904,""FIL/USDT"":0.021724877683491784}","[{""ticker"":""ALGO/USDT"",""qty_delta"":-866.6908468891288,""price"":0.1316,""cost_usd"":0.057028257725304676,""notes"":""target_w=0.0208""},{""ticker"":""BTC/USDT"",""qty_delta"":0.0019671917503011963,""price"":80169.25,""cost_usd"":0.07885414361391709,""notes"":""target_w=0.0467""},{""ticker"":""DOGE/USDT"",""qty_delta"":8.589034349031863,""price"":0.10894,""cost_usd"":0.0004678447009917656,""notes"":""target_w=0.0369""},{""ticker"":""ETC/USDT"",""qty_delta"":-30.24006237793384,""price"":9.82,""cost_usd"":0.14847870627565515,""notes"":""target_w=0.0308""},{""ticker"":""FIL/USDT"",""qty_delta"":-275.7187048818921,""price"":1.205,""cost_usd"":0.16612051969134,""notes"":""target_w=0.0217""},{""ticker"":""LINK/USDT"",""qty_delta"":-16.915541449768966,""price"":10.37,""cost_usd"":0.08770708241705208,""notes"":""target_w=0.0333""},{""ticker"":""NEAR/USDT"",""qty_delta"":-151.2010161089063,""price"":1.569,""cost_usd"":0.11861719713743697,""notes"":""target_w=0.0254""}]",101660.38,976.99,1660.38,79746.69,"{""BTC/USDT"":{""qty"":0.059156173480651046,""avg_cost"":78202.3403009156},""DOGE/USDT"":{""qty"":34419.90943787828,""avg_cost"":0.10641837684540938},""ETC/USDT"":{""qty"":318.823198691109,""avg_cost"":9.28},""FIL/USDT"":{""qty"":1832.841090066914,""avg_cost"":1.073},""LINK/USDT"":{""qty"":326.20687765484377,""avg_cost"":10.03},""NEAR/USDT"":{""qty"":1648.6176340718375,""avg_cost"":1.509},""ALGO/USDT"":{""qty"":16053.30299896158,""avg_cost"":0.1253}}"
2026-05-09,2026-05-09T21:00:00,daily,"{""BTC/USDT"":0.04701023896796523,""DOGE/USDT"":0.037760347217547834,""LINK/USDT"":0.03340974450822413,""ETC/USDT"":0.030830258579464576,""NEAR/USDT"":0.025055586729815317,""ALGO/USDT"":0.020647724946017704,""FIL/USDT"":0.020227781777632684}","[{""ticker"":""ALGO/USDT"",""qty_delta"":22.595482063832605,""price"":0.1306,""cost_usd"":0.0014754849787682691,""notes"":""target_w=0.0206""},{""ticker"":""DOGE/USDT"",""qty_delta"":574.3176585421024,""price"":0.10972,""cost_usd"":0.03150706674761974,""notes"":""target_w=0.0378""},{""ticker"":""ETC/USDT"",""qty_delta"":8.752333426263874,""price"":9.57,""cost_usd"":0.04187991544467264,""notes"":""target_w=0.0308""},{""ticker"":""FIL/USDT"",""qty_delta"":-148.31081210640286,""price"":1.221,""cost_usd"":0.09054375079095896,""notes"":""target_w=0.0202""},{""ticker"":""LINK/USDT"",""qty_delta"":-1.1172674600503,""price"":10.45,""cost_usd"":0.005837722478762818,""notes"":""target_w=0.0334""},{""ticker"":""NEAR/USDT"",""qty_delta"":-18.601793966998912,""price"":1.563,""cost_usd"":0.014537301985209649,""notes"":""target_w=0.0251""}]",101682.32,21.94,1682.32,79818.61,"{""BTC/USDT"":{""qty"":0.059156173480651046,""avg_cost"":78202.3403009156},""DOGE/USDT"":{""qty"":34994.227096420385,""avg_cost"":0.10647256236790452},""ETC/USDT"":{""qty"":327.57553211737286,""avg_cost"":9.287748370817594},""FIL/USDT"":{""qty"":1684.530277960511,""avg_cost"":1.073},""LINK/USDT"":{""qty"":325.08961019479347,""avg_cost"":10.03},""NEAR/USDT"":{""qty"":1630.0158401048386,""avg_cost"":1.509},""ALGO/USDT"":{""qty"":16075.898481025413,""avg_cost"":0.12530744941597383}}"
2026-05-10,2026-05-10T21:00:00,daily,"{""BTC/USDT"":0.03289608448086235,""SOL/USDT"":0.023287674712835525,""DOGE/USDT"":0.026414159539086143,""LINK/USDT"":0.022912168503560884,""LTC/USDT"":0.03501625908528787,""ATOM/USDT"":0.028101346817113872,""ETC/USDT"":0.02138225494650675,""NEAR/USDT"":0.017429966510520298,""ALGO/USDT"":0.014384710793884967,""FIL/USDT"":0.014018695994132569}","[{""ticker"":""ALGO/USDT"",""qty_delta"":-4800.826379539343,""price"":0.1302,""cost_usd"":0.3125337973080113,""notes"":""target_w=0.0144""},{""ticker"":""ATOM/USDT"",""qty_delta"":1411.3431135330432,""price"":2.032,""cost_usd"":1.433924603349572,""notes"":""target_w=0.0281""},{""ticker"":""BTC/USDT"",""qty_delta"":-0.01793852573741133,""price"":81449.83,""cost_usd"":0.7305449358813887,""notes"":""target_w=0.0329""},{""ticker"":""DOGE/USDT"",""qty_delta"":-10737.36274897233,""price"":0.11113,""cost_usd"":0.5966215611466475,""notes"":""target_w=0.0264""},{""ticker"":""ETC/USDT"",""qty_delta"":-107.82323062685072,""price"":9.93,""cost_usd"":0.5353423400623138,""notes"":""target_w=0.0214""},{""ticker"":""FIL/USDT"",""qty_delta"":-480.2700197808756,""price"":1.188,""cost_usd"":0.2852803917498401,""notes"":""target_w=0.0140""},{""ticker"":""LINK/USDT"",""qty_delta"":-109.58050007306537,""price"":10.85,""cost_usd"":0.5944742128963797,""notes"":""target_w=0.0229""},{""ticker"":""LTC/USDT"",""qty_delta"":59.77822474305026,""price"":59.78,""cost_usd"":1.7867711375697723,""notes"":""target_w=0.0350""},{""ticker"":""NEAR/USDT"",""qty_delta"":-537.3903467505777,""price"":1.628,""cost_usd"":0.43743574225497023,""notes"":""target_w=0.0174""},{""ticker"":""SOL/USDT"",""qty_delta"":24.635593242653695,""price"":96.47,""cost_usd"":1.1882978400594009,""notes"":""target_w=0.0233""}]",102045.9,363.58,2045.9,77977.19,"{""BTC/USDT"":{""qty"":0.041217647743239716,""avg_cost"":78202.3403009156},""DOGE/USDT"":{""qty"":24256.864347448056,""avg_cost"":0.10647256236790452},""ETC/USDT"":{""qty"":219.75230149052214,""avg_cost"":9.287748370817594},""FIL/USDT"":{""qty"":1204.2602581796355,""avg_cost"":1.073},""LINK/USDT"":{""qty"":215.5091101217281,""avg_cost"":10.03},""NEAR/USDT"":{""qty"":1092.625493354261,""avg_cost"":1.509},""ALGO/USDT"":{""qty"":11275.07210148607,""avg_cost"":0.12530744941597383},""ATOM/USDT"":{""qty"":1411.3431135330432,""avg_cost"":2.032},""LTC/USDT"":{""qty"":59.77822474305026,""avg_cost"":59.78},""SOL/USDT"":{""qty"":24.635593242653695,""avg_cost"":96.47}}"
2026-05-11,2026-05-11T21:00:00,daily,"{""BTC/USDT"":0.03271440781676362,""SOL/USDT"":0.023214995947293746,""DOGE/USDT"":0.02625497072231341,""LINK/USDT"":0.023145238380968478,""LTC/USDT"":0.0338568022945969,""ATOM/USDT"":0.028503785717495553,""ETC/USDT"":0.021268684818384093,""NEAR/USDT"":0.017842875830114166,""ALGO/USDT"":0.014269706276647701,""FIL/USDT"":0.013882366358008448}","[{""ticker"":""ALGO/USDT"",""qty_delta"":488.2905213437316,""price"":0.1235,""cost_usd"":0.030151939692975426,""notes"":""target_w=0.0143""},{""ticker"":""ATOM/USDT"",""qty_delta"":23.831692791533442,""price"":2.022,""cost_usd"":0.02409384141224031,""notes"":""target_w=0.0285""},{""ticker"":""BTC/USDT"",""qty_delta"":-0.0005992426211813562,""price"":81997.31,""cost_usd"":0.024568141487110114,""notes"":""target_w=0.0327""},{""ticker"":""DOGE/USDT"",""qty_delta"":-341.9022906596547,""price"":0.11177,""cost_usd"":0.0191072095135148,""notes"":""target_w=0.0263""},{""ticker"":""ETC/USDT"",""qty_delta"":-0.3673210365832631,""price"":9.87,""cost_usd"":0.0018127293155384033,""notes"":""target_w=0.0213""},{""ticker"":""FIL/USDT"",""qty_delta"":36.60088758014126,""price"":1.139,""cost_usd"":0.02084420547689045,""notes"":""target_w=0.0139""},{""ticker"":""LINK/USDT"",""qty_delta"":4.919195145015891,""price"":10.69,""cost_usd"":0.026293098050109938,""notes"":""target_w=0.0231""},{""ticker"":""LTC/USDT"",""qty_delta"":-1.41545373101237,""price"":59.06,""cost_usd"":0.041798348676795286,""notes"":""target_w=0.0339""},{""ticker"":""NEAR/USDT"",""qty_delta"":76.32803860759009,""price"":1.554,""cost_usd"":0.0593068859980975,""notes"":""target_w=0.0178""},{""ticker"":""SOL/USDT"",""qty_delta"":-0.5871552472328361,""price"":98.28,""cost_usd"":0.028852808849021565,""notes"":""target_w=0.0232""}]",101808.08,-237.82,1808.08,77887.81,"{""BTC/USDT"":{""qty"":0.04061840512205836,""avg_cost"":78202.3403009156},""DOGE/USDT"":{""qty"":23914.9620567884,""avg_cost"":0.10647256236790452},""ETC/USDT"":{""qty"":219.38498045393888,""avg_cost"":9.287748370817594},""FIL/USDT"":{""qty"":1240.8611457597767,""avg_cost"":1.0749467597873816},""LINK/USDT"":{""qty"":220.428305266744,""avg_cost"":10.044728910571541},""NEAR/USDT"":{""qty"":1168.953531961851,""avg_cost"":1.5119383218780107},""ALGO/USDT"":{""qty"":11763.362622829802,""avg_cost"":0.12523242321420433},""ATOM/USDT"":{""qty"":1435.1748063245766,""avg_cost"":2.0318339457138848},""LTC/USDT"":{""qty"":58.36277101203789,""avg_cost"":59.78},""SOL/USDT"":{""qty"":24.04843799542086,""avg_cost"":96.47}}"
2026-05-12,2026-05-12T21:00:00,daily,"{""BTC/USDT"":0.03255424081656444,""SOL/USDT"":0.023127094903529974,""DOGE/USDT"":0.026166636639124188,""LINK/USDT"":0.022893623810108427,""LTC/USDT"":0.03341005944939273,""ATOM/USDT"":0.027277317037459586,""ETC/USDT"":0.020984724154750698,""NEAR/USDT"":0.01777046704820632,""ALGO/USDT"":0.014386411901850846,""FIL/USDT"":0.013815269614380253}","[{""ticker"":""ALGO/USDT"",""qty_delta"":202.93608659041092,""price"":0.1221,""cost_usd"":0.012389248086344586,""notes"":""target_w=0.0144""},{""ticker"":""ATOM/USDT"",""qty_delta"":-147.86701569892193,""price"":2.152,""cost_usd"":0.15910490889204001,""notes"":""target_w=0.0273""},{""ticker"":""BTC/USDT"",""qty_delta"":0.00027795644070752884,""price"":80843.65,""cost_usd"":0.011235506603902608,""notes"":""target_w=0.0326""},{""ticker"":""DOGE/USDT"",""qty_delta"":265.9804438246174,""price"":0.1099,""cost_usd"":0.014615625388162724,""notes"":""target_w=0.0262""},{""ticker"":""ETC/USDT"",""qty_delta"":7.098564712201949,""price"":9.41,""cost_usd"":0.033398746970910165,""notes"":""target_w=0.0210""},{""ticker"":""FIL/USDT"",""qty_delta"":38.154185909991384,""price"":1.097,""cost_usd"":0.020927570971630276,""notes"":""target_w=0.0138""},{""ticker"":""LINK/USDT"",""qty_delta"":4.651864362509855,""price"":10.33,""cost_usd"":0.024026879432363403,""notes"":""target_w=0.0229""},{""ticker"":""LTC/USDT"",""qty_delta"":0.3723535341110704,""price"":57.77,""cost_usd"":0.010755431832798269,""notes"":""target_w=0.0334""},{""ticker"":""NEAR/USDT"",""qty_delta"":-45.88572421456615,""price"":1.607,""cost_usd"":0.036869179406403906,""notes"":""target_w=0.0178""},{""ticker"":""SOL/USDT"",""qty_delta"":0.6964997841785028,""price"":94.92,""cost_usd"":0.03305587975711174,""notes"":""target_w=0.0231""}]",101559.72,-248.36,1559.72,77958.59,"{""BTC/USDT"":{""qty"":0.04089636156276589,""avg_cost"":78220.29224125233},""DOGE/USDT"":{""qty"":24180.94250061302,""avg_cost"":0.10651026277526221},""ETC/USDT"":{""qty"":226.48354516614083,""avg_cost"":9.291580044771157},""FIL/USDT"":{""qty"":1279.015331669768,""avg_cost"":1.0756046279193388},""LINK/USDT"":{""qty"":225.08016962925385,""avg_cost"":10.050624776105819},""NEAR/USDT"":{""qty"":1123.0678077472849,""avg_cost"":1.5119383218780107},""ALGO/USDT"":{""qty"":11966.298709420213,""avg_cost"":0.12517930054661328},""ATOM/USDT"":{""qty"":1287.3077906256547,""avg_cost"":2.0318339457138848},""LTC/USDT"":{""qty"":58.73512454614896,""avg_cost"":59.76725752930045},""SOL/USDT"":{""qty"":24.74493777959936,""avg_cost"":96.42637189815984}}"
2026-05-13,2026-05-13T21:00:00,daily,"{""BTC/USDT"":0.02941101772258222,""BNB/USDT"":0.03424237171390468,""SOL/USDT"":0.020638959496522426,""DOGE/USDT"":0.023626291239909454,""LINK/USDT"":0.020726275908696377,""LTC/USDT"":0.03012745914616441,""ATOM/USDT"":0.025443466955176006,""ETC/USDT"":0.019150302849578894,""NEAR/USDT"":0.01613013977993158,""ALGO/USDT"":0.013054119056592784,""FIL/USDT"":0.012437863606265158}","[{""ticker"":""ALGO/USDT"",""qty_delta"":-759.5399591516707,""price"":0.1178,""cost_usd"":0.04473690359403341,""notes"":""target_w=0.0131""},{""ticker"":""ATOM/USDT"",""qty_delta"":-48.46118268988039,""price"":2.077,""cost_usd"":0.05032693822344079,""notes"":""target_w=0.0254""},{""ticker"":""BNB/USDT"",""qty_delta"":5.155522645838997,""price"":671.69,""cost_usd"":1.731456502991798,""notes"":""target_w=0.0342""},{""ticker"":""BTC/USDT"",""qty_delta"":-0.0035714962839185627,""price"":79687.38,""cost_usd"":0.14230159077260318,""notes"":""target_w=0.0294""},{""ticker"":""DOGE/USDT"",""qty_delta"":-3038.4384546515575,""price"":0.11301,""cost_usd"":0.17168696488008628,""notes"":""target_w=0.0236""},{""ticker"":""ETC/USDT"",""qty_delta"":-16.88830326912435,""price"":9.24,""cost_usd"":0.0780239611033545,""notes"":""target_w=0.0192""},{""ticker"":""FIL/USDT"",""qty_delta"":-75.34586578319295,""price"":1.045,""cost_usd"":0.039368214871718314,""notes"":""target_w=0.0124""},{""ticker"":""LINK/USDT"",""qty_delta"":-19.18259005436599,""price"":10.18,""cost_usd"":0.09763938337672287,""notes"":""target_w=0.0207""},{""ticker"":""LTC/USDT"",""qty_delta"":-5.141913173544914,""price"":56.85,""cost_usd"":0.1461588819580142,""notes"":""target_w=0.0301""},{""ticker"":""NEAR/USDT"",""qty_delta"":-95.84328917317612,""price"":1.588,""cost_usd"":0.07609957160350185,""notes"":""target_w=0.0161""},{""ticker"":""SOL/USDT"",""qty_delta"":-1.818673529552946,""price"":91.04,""cost_usd"":0.0827860190652501,""notes"":""target_w=0.0206""}]",101126.81,-432.91,1126.81,76351.28,"{""BTC/USDT"":{""qty"":0.037324865278847326,""avg_cost"":78220.29224125233},""DOGE/USDT"":{""qty"":21142.50404596146,""avg_cost"":0.10651026277526221},""ETC/USDT"":{""qty"":209.59524189701648,""avg_cost"":9.291580044771157},""FIL/USDT"":{""qty"":1203.6694658865752,""avg_cost"":1.0756046279193388},""LINK/USDT"":{""qty"":205.89757957488786,""avg_cost"":10.050624776105819},""NEAR/USDT"":{""qty"":1027.2245185741087,""avg_cost"":1.5119383218780107},""ALGO/USDT"":{""qty"":11206.758750268542,""avg_cost"":0.12517930054661328},""ATOM/USDT"":{""qty"":1238.8466079357743,""avg_cost"":2.0318339457138848},""LTC/USDT"":{""qty"":53.593211372604046,""avg_cost"":59.76725752930045},""SOL/USDT"":{""qty"":22.926264250046415,""avg_cost"":96.42637189815984},""BNB/USDT"":{""qty"":5.155522645838997,""avg_cost"":671.69}}"
2026-05-14,2026-05-14T21:00:00,daily,"{""BTC/USDT"":0.026753522327140324,""BNB/USDT"":0.03180575525925159,""XRP/USDT"":0.02367042585837896,""SOL/USDT"":0.019357362838707686,""DOGE/USDT"":0.021491029018162678,""LINK/USDT"":0.018917212484717196,""LTC/USDT"":0.02735901332985133,""ATOM/USDT"":0.02301165870147153,""ETC/USDT"":0.017529580970383637,""NEAR/USDT"":0.014773546229176492,""ALGO/USDT"":0.011964468392723478,""FIL/USDT"":0.01140924614049759}","[{""ticker"":""ALGO/USDT"",""qty_delta"":-1108.2689922105255,""price"":0.1204,""cost_usd"":0.06671779333107364,""notes"":""target_w=0.0120""},{""ticker"":""ATOM/USDT"",""qty_delta"":-99.2265689331357,""price"":2.052,""cost_usd"":0.10180645972539723,""notes"":""target_w=0.0230""},{""ticker"":""BNB/USDT"",""qty_delta"":-0.40322875199987607,""price"":680.13,""cost_usd"":0.13712398554883784,""notes"":""target_w=0.0318""},{""ticker"":""BTC/USDT"",""qty_delta"":-0.003952819007134824,""price"":81468.11,""cost_usd"":0.1610143468416753,""notes"":""target_w=0.0268""},{""ticker"":""DOGE/USDT"",""qty_delta"":-2345.9616586659104,""price"":0.11619,""cost_usd"":0.13628864256019604,""notes"":""target_w=0.0215""},{""ticker"":""ETC/USDT"",""qty_delta"":-22.669917211600733,""price"":9.53,""cost_usd"":0.10802215551327748,""notes"":""target_w=0.0175""},{""ticker"":""FIL/USDT"",""qty_delta"":-110.89364968736845,""price"":1.061,""cost_usd"":0.05882908115914896,""notes"":""target_w=0.0114""},{""ticker"":""LINK/USDT"",""qty_delta"":-25.219683969284546,""price"":10.64,""cost_usd"":0.13416871871659378,""notes"":""target_w=0.0189""},{""ticker"":""LTC/USDT"",""qty_delta"":-6.381647537106041,""price"":58.89,""cost_usd"":0.18790761173008735,""notes"":""target_w=0.0274""},{""ticker"":""NEAR/USDT"",""qty_delta"":-77.62082517238082,""price"":1.581,""cost_usd"":0.06135926229876704,""notes"":""target_w=0.0148""},{""ticker"":""SOL/USDT"",""qty_delta"":-1.7582673601188752,""price"":92.93,""cost_usd"":0.08169789288792355,""notes"":""target_w=0.0194""},{""ticker"":""XRP/USDT"",""qty_delta"":1586.8103629159452,""price"":1.5159,""cost_usd"":1.2027229145721408,""notes"":""target_w=0.0237""}]",101619.98,493.16,1619.98,76413.27,"{""BTC/USDT"":{""qty"":0.0333720462717125,""avg_cost"":78220.29224125233},""DOGE/USDT"":{""qty"":18796.54238729555,""avg_cost"":0.10651026277526221},""ETC/USDT"":{""qty"":186.92532468541575,""avg_cost"":9.291580044771157},""FIL/USDT"":{""qty"":1092.7758161992067,""avg_cost"":1.0756046279193388},""LINK/USDT"":{""qty"":180.6778956056033,""avg_cost"":10.050624776105819},""NEAR/USDT"":{""qty"":949.6036934017279,""avg_cost"":1.5119383218780107},""ALGO/USDT"":{""qty"":10098.489758058016,""avg_cost"":0.12517930054661328},""ATOM/USDT"":{""qty"":1139.6200390026386,""avg_cost"":2.0318339457138848},""LTC/USDT"":{""qty"":47.211563835498005,""avg_cost"":59.76725752930045},""SOL/USDT"":{""qty"":21.16799688992754,""avg_cost"":96.42637189815984},""BNB/USDT"":{""qty"":4.752293893839121,""avg_cost"":671.69},""XRP/USDT"":{""qty"":1586.8103629159452,""avg_cost"":1.5159}}"
2026-05-15,2026-05-15T21:00:00,daily,"{""BTC/USDT"":0.026935933081040826,""BNB/USDT"":0.03190129760196689,""XRP/USDT"":0.02618666845790842,""SOL/USDT"":0.01963136912851266,""DOGE/USDT"":0.022426238539237163,""LINK/USDT"":0.019174856330963982,""LTC/USDT"":0.02887092711929109,""ATOM/USDT"":0.02340756050089087,""ETC/USDT"":0.018159992126168104,""NEAR/USDT"":0.015868917777719573,""ALGO/USDT"":0.011928917955159277,""FIL/USDT"":0.011837352955642097}","[{""ticker"":""ALGO/USDT"",""qty_delta"":571.7947934967669,""price"":0.1126,""cost_usd"":0.03219204687386798,""notes"":""target_w=0.0119""},{""ticker"":""ATOM/USDT"",""qty_delta"":78.14679467067049,""price"":1.936,""cost_usd"":0.07564609724120903,""notes"":""target_w=0.0234""},{""ticker"":""BNB/USDT"",""qty_delta"":0.014464419296306374,""price"":674.06,""cost_usd"":0.004874943235434137,""notes"":""target_w=0.0319""},{""ticker"":""BTC/USDT"",""qty_delta"":0.0008929300464712506,""price"":79176.25,""cost_usd"":0.03534942629595968,""notes"":""target_w=0.0269""},{""ticker"":""DOGE/USDT"",""qty_delta"":1181.8618491946108,""price"":0.11306,""cost_usd"":0.06681065033497134,""notes"":""target_w=0.0224""},{""ticker"":""ETC/USDT"",""qty_delta"":11.239831984727942,""price"":9.23,""cost_usd"":0.05187182460951946,""notes"":""target_w=0.0182""},{""ticker"":""FIL/USDT"",""qty_delta"":87.6713761075705,""price"":1.01,""cost_usd"":0.044274044934323104,""notes"":""target_w=0.0118""},{""ticker"":""LINK/USDT"",""qty_delta"":11.107701148929777,""price"":10.07,""cost_usd"":0.05592727528486143,""notes"":""target_w=0.0192""},{""ticker"":""LTC/USDT"",""qty_delta"":3.5364966192981626,""price"":57.3,""cost_usd"":0.10132062814289236,""notes"":""target_w=0.0289""},{""ticker"":""NEAR/USDT"",""qty_delta"":84.23113885439238,""price"":1.546,""cost_usd"":0.06511067033444531,""notes"":""target_w=0.0159""},{""ticker"":""SOL/USDT"",""qty_delta"":0.9415935901113883,""price"":89.43,""cost_usd"":0.042103357381830735,""notes"":""target_w=0.0196""},{""ticker"":""XRP/USDT"",""qty_delta"":251.04540421562842,""price"":1.4351,""cost_usd"":0.18013762979492418,""notes"":""target_w=0.0262""}]",100718.69,-901.28,718.69,74901.27,"{""BTC/USDT"":{""qty"":0.03426497631818375,""avg_cost"":78245.20407536587},""DOGE/USDT"":{""qty"":19978.40423649016,""avg_cost"":0.10689772538020983},""ETC/USDT"":{""qty"":198.1651566701437,""avg_cost"":9.288087254371117},""FIL/USDT"":{""qty"":1180.4471923067772,""avg_cost"":1.0707321964830168},""LINK/USDT"":{""qty"":191.7855967545331,""avg_cost"":10.051746936478402},""NEAR/USDT"":{""qty"":1033.8348322561203,""avg_cost"":1.514713478846988},""ALGO/USDT"":{""qty"":10670.284551554783,""avg_cost"":0.12450520619386835},""ATOM/USDT"":{""qty"":1217.766833673309,""avg_cost"":2.0256840691766884},""LTC/USDT"":{""qty"":50.74806045479617,""avg_cost"":59.595320950185645},""SOL/USDT"":{""qty"":22.10959048003893,""avg_cost"":96.12841346517618},""BNB/USDT"":{""qty"":4.766758313135427,""avg_cost"":671.6971916114643},""XRP/USDT"":{""qty"":1837.8557671315737,""avg_cost"":1.5048629703138883}}"
2026-05-16,2026-05-16T21:00:00,daily,"{""BTC/USDT"":0.026950395465813494,""BNB/USDT"":0.03156821330046433,""XRP/USDT"":0.026217559995579343,""SOL/USDT"":0.01948165315177616,""DOGE/USDT"":0.022364572704339725,""LINK/USDT"":0.01899205877265479,""LTC/USDT"":0.028621515198491702,""ATOM/USDT"":0.022177636097188917,""ETC/USDT"":0.018180481344797744,""NEAR/USDT"":0.015845517797572636,""ALGO/USDT"":0.011973396403949186,""FIL/USDT"":0.01180537933694139}","[{""ticker"":""ALGO/USDT"",""qty_delta"":159.84724119497514,""price"":0.1109,""cost_usd"":0.008863529524261372,""notes"":""target_w=0.0120""},{""ticker"":""ATOM/USDT"",""qty_delta"":-125.6423312057816,""price"":2.037,""cost_usd"":0.12796671433308857,""notes"":""target_w=0.0222""},{""ticker"":""BNB/USDT"",""qty_delta"":0.05807473810054109,""price"":656.32,""cost_usd"":0.019057806055073567,""notes"":""target_w=0.0316""},{""ticker"":""BTC/USDT"",""qty_delta"":0.0002720943123916547,""price"":78275.81,""cost_usd"":0.010649201349424904,""notes"":""target_w=0.0270""},{""ticker"":""DOGE/USDT"",""qty_delta"":477.5945069279187,""price"":0.10967,""cost_usd"":0.026188894787392426,""notes"":""target_w=0.0224""},{""ticker"":""ETC/USDT"",""qty_delta"":2.6828175214999703,""price"":9.08,""cost_usd"":0.012179991547609867,""notes"":""target_w=0.0182""},{""ticker"":""FIL/USDT"",""qty_delta"":31.63845802724154,""price"":0.977,""cost_usd"":0.015455386746307493,""notes"":""target_w=0.0118""},{""ticker"":""LINK/USDT"",""qty_delta"":3.610262768497279,""price"":9.75,""cost_usd"":0.017600030996424234,""notes"":""target_w=0.0190""},{""ticker"":""LTC/USDT"",""qty_delta"":0.38370491962278663,""price"":56.15,""cost_usd"":0.010772515618409735,""notes"":""target_w=0.0286""},{""ticker"":""NEAR/USDT"",""qty_delta"":25.11081645431318,""price"":1.501,""cost_usd"":0.01884566774896204,""notes"":""target_w=0.0158""},{""ticker"":""SOL/USDT"",""qty_delta"":0.4356478739132861,""price"":86.68,""cost_usd"":0.018880978855401822,""notes"":""target_w=0.0195""},{""ticker"":""XRP/USDT"",""qty_delta"":18.504666935492878,""price"":1.4167,""cost_usd"":0.01310778082375638,""notes"":""target_w=0.0262""}]",100310.55,-408.14,310.55,74813.7,"{""BTC/USDT"":{""qty"":0.03453707063057541,""avg_cost"":78245.4451988273},""DOGE/USDT"":{""qty"":20455.99874341808,""avg_cost"":0.10696245080118365},""ETC/USDT"":{""qty"":200.84797419164366,""avg_cost"":9.2853077384996},""FIL/USDT"":{""qty"":1212.0856503340187,""avg_cost"":1.0682855524167234},""LINK/USDT"":{""qty"":195.39585952303037,""avg_cost"":10.046171661071158},""NEAR/USDT"":{""qty"":1058.9456487104335,""avg_cost"":1.514388290627275},""ALGO/USDT"":{""qty"":10830.131792749758,""avg_cost"":0.12430440026485513},""ATOM/USDT"":{""qty"":1092.1245024675275,""avg_cost"":2.0256840691766884},""LTC/USDT"":{""qty"":51.131765374418954,""avg_cost"":59.56946644294175},""SOL/USDT"":{""qty"":22.545238353952215,""avg_cost"":95.94583915953632},""BNB/USDT"":{""qty"":4.824833051235968,""avg_cost"":671.512102020576},""XRP/USDT"":{""qty"":1856.3604340670665,""avg_cost"":1.503984139688239}}"
2026-05-17,2026-05-17T21:00:00,daily,"{""BTC/USDT"":0.03033597851955925,""BNB/USDT"":0.03507802919187446,""XRP/USDT"":0.029283697548928286,""SOL/USDT"":0.021801354848825977,""DOGE/USDT"":0.02530713918468675,""LINK/USDT"":0.02151483310490969,""LTC/USDT"":0.032195613295453306,""ATOM/USDT"":0.024387739696137896,""NEAR/USDT"":0.01750608654016187,""ALGO/USDT"":0.013193706176786144,""FIL/USDT"":0.012979014534140713}","[{""ticker"":""ALGO/USDT"",""qty_delta"":1067.1042415488282,""price"":0.1093,""cost_usd"":0.058317246800643464,""notes"":""target_w=0.0132""},{""ticker"":""ATOM/USDT"",""qty_delta"":71.86999304162964,""price"":2.065,""cost_usd"":0.0742057678154826,""notes"":""target_w=0.0244""},{""ticker"":""BNB/USDT"",""qty_delta"":0.4454116154478669,""price"":656.0,""cost_usd"":0.14609500986690035,""notes"":""target_w=0.0351""},{""ticker"":""BTC/USDT"",""qty_delta"":0.0035868340245548067,""price"":78426.0,""cost_usd"":0.14065052260486763,""notes"":""target_w=0.0303""},{""ticker"":""DOGE/USDT"",""qty_delta"":2045.258660766398,""price"":0.11085,""cost_usd"":0.1133584612729776,""notes"":""target_w=0.0253""},{""ticker"":""FIL/USDT"",""qty_delta"":108.04639486234964,""price"":0.969,""cost_usd"":0.052348478310808404,""notes"":""target_w=0.0130""},{""ticker"":""LINK/USDT"",""qty_delta"":22.09088746877481,""price"":9.75,""cost_usd"":0.1076930764102772,""notes"":""target_w=0.0215""},{""ticker"":""LTC/USDT"",""qty_delta"":5.431343661133624,""price"":56.1,""cost_usd"":0.15234918969479816,""notes"":""target_w=0.0322""},{""ticker"":""NEAR/USDT"",""qty_delta"":70.23947624673474,""price"":1.528,""cost_usd"":0.05366295985250534,""notes"":""target_w=0.0175""},{""ticker"":""SOL/USDT"",""qty_delta"":2.198373853710155,""price"":86.84,""cost_usd"":0.09545339272809494,""notes"":""target_w=0.0218""},{""ticker"":""XRP/USDT"",""qty_delta"":171.74218393228557,""price"":1.4231,""cost_usd"":0.1222031509770178,""notes"":""target_w=0.0293""}]",98558.6,-1751.96,-1441.4,72579.91,"{""BTC/USDT"":{""qty"":0.038123904655130214,""avg_cost"":78262.43244370689},""DOGE/USDT"":{""qty"":22501.25740418448,""avg_cost"":0.10731581077237157},""ETC/USDT"":{""qty"":200.84797419164366,""avg_cost"":9.2853077384996},""FIL/USDT"":{""qty"":1320.1320451963684,""avg_cost"":1.060159512268256},""LINK/USDT"":{""qty"":217.48674699180518,""avg_cost"":10.016088472432497},""NEAR/USDT"":{""qty"":1129.1851249571682,""avg_cost"":1.5152349891145573},""ALGO/USDT"":{""qty"":11897.236034298587,""avg_cost"":0.12295860371863512},""ATOM/USDT"":{""qty"":1163.994495509157,""avg_cost"":2.0281116027136585},""LTC/USDT"":{""qty"":56.56310903555258,""avg_cost"":59.23631883324188},""SOL/USDT"":{""qty"":24.74361220766237,""avg_cost"":95.13682071241503},""BNB/USDT"":{""qty"":5.270244666683835,""avg_cost"":670.2011058796085},""XRP/USDT"":{""qty"":2028.102617999352,""avg_cost"":1.4971347728602202}}"
2026-05-18,2026-05-18T21:00:00,daily,"{""BTC/USDT"":0.037295824661380976,""XRP/USDT"":0.03582491689483549,""SOL/USDT"":0.026634169676302808,""LINK/USDT"":0.02633597315314771,""ATOM/USDT"":0.03125127033046799,""ETC/USDT"":0.02460967580266213,""NEAR/USDT"":0.02134149439727784,""ALGO/USDT"":0.01609562397051787,""FIL/USDT"":0.015858534593029855}","[{""ticker"":""ALGO/USDT"",""qty_delta"":2163.9883418251156,""price"":0.1077,""cost_usd"":0.11653077220728249,""notes"":""target_w=0.0161""},{""ticker"":""ATOM/USDT"",""qty_delta"":277.3524512724314,""price"":2.04,""cost_usd"":0.28289950029788,""notes"":""target_w=0.0313""},{""ticker"":""BTC/USDT"",""qty_delta"":0.007436628306560923,""price"":77019.81,""cost_usd"":0.2863838496059721,""notes"":""target_w=0.0373""},{""ticker"":""ETC/USDT"",""qty_delta"":57.86242225144272,""price"":8.95,""cost_usd"":0.2589343395752061,""notes"":""target_w=0.0246""},{""ticker"":""FIL/USDT"",""qty_delta"":238.99728079913007,""price"":0.957,""cost_usd"":0.11436019886238373,""notes"":""target_w=0.0159""},{""ticker"":""LINK/USDT"",""qty_delta"":42.52172223648759,""price"":9.53,""cost_usd"":0.20261600645686334,""notes"":""target_w=0.0263""},{""ticker"":""LTC/USDT"",""qty_delta"":-56.56310903555258,""price"":54.28,""cost_usd"":1.535122779224897,""notes"":""target_w=0.0000""},{""ticker"":""NEAR/USDT"",""qty_delta"":139.26949968337453,""price"":1.583,""cost_usd"":0.11023180899939093,""notes"":""target_w=0.0213""},{""ticker"":""SOL/USDT"",""qty_delta"":4.692981456925519,""price"":85.13,""cost_usd"":0.19975675571403473,""notes"":""target_w=0.0266""},{""ticker"":""XRP/USDT"",""qty_delta"":398.2361712652739,""price"":1.3892,""cost_usd"":0.2766148445608592,""notes"":""target_w=0.0358""}]",94083.92,-4474.68,-5916.08,71950.12,"{""BTC/USDT"":{""qty"":0.04556053296169114,""avg_cost"":78059.60511403081},""DOGE/USDT"":{""qty"":22501.25740418448,""avg_cost"":0.10731581077237157},""ETC/USDT"":{""qty"":258.7103964430864,""avg_cost"":9.210313775303737},""FIL/USDT"":{""qty"":1559.1293259954984,""avg_cost"":1.0443463000416593},""LINK/USDT"":{""qty"":260.00846922829277,""avg_cost"":9.936593681095584},""NEAR/USDT"":{""qty"":1268.4546246405428,""avg_cost"":1.5226752230643752},""ALGO/USDT"":{""qty"":14061.224376123702,""avg_cost"":0.12061034159889229},""ATOM/USDT"":{""qty"":1441.3469467815885,""avg_cost"":2.0303992379956632},""SOL/USDT"":{""qty"":29.43659366458789,""avg_cost"":93.54146546916768},""BNB/USDT"":{""qty"":5.270244666683835,""avg_cost"":670.2011058796085},""XRP/USDT"":{""qty"":2426.338789264626,""avg_cost"":1.4794193858415472}}"
2026-05-19,2026-05-19T21:00:00,daily,"{""BTC/USDT"":0.03732048360776014,""BNB/USDT"":0.04315842603257526,""SOL/USDT"":0.02663069789348129,""LINK/USDT"":0.026303985628169428,""ATOM/USDT"":0.031004775631276526,""ETC/USDT"":0.024610366017124668,""NEAR/USDT"":0.020836154490981855,""ALGO/USDT"":0.016001777375926497,""FIL/USDT"":0.015821994922193203}","[{""ticker"":""ALGO/USDT"",""qty_delta"":46.66629837049004,""price"":0.1132,""cost_usd"":0.0026413124877697363,""notes"":""target_w=0.0160""},{""ticker"":""ATOM/USDT"",""qty_delta"":70.30232303556136,""price"":2.047,""cost_usd"":0.07195442762689706,""notes"":""target_w=0.0310""},{""ticker"":""BNB/USDT"",""qty_delta"":1.4582413184074952,""price"":640.16,""cost_usd"":0.466753881195871,""notes"":""target_w=0.0432""},{""ticker"":""BTC/USDT"",""qty_delta"":0.0029015197911338095,""price"":76857.41,""cost_usd"":0.11150164810514279,""notes"":""target_w=0.0373""},{""ticker"":""DOGE/USDT"",""qty_delta"":-22501.25740418448,""price"":0.10332,""cost_usd"":1.1624149575001703,""notes"":""target_w=0.0000""},{""ticker"":""ETC/USDT"",""qty_delta"":13.592225845554935,""price"":9.02,""cost_usd"":0.061300938563452756,""notes"":""target_w=0.0246""},{""ticker"":""FIL/USDT"",""qty_delta"":118.9477545327486,""price"":0.941,""cost_usd"":0.055964918507658216,""notes"":""target_w=0.0158""},{""ticker"":""LINK/USDT"",""qty_delta"":16.911012179823274,""price"":9.48,""cost_usd"":0.08015819773236232,""notes"":""target_w=0.0263""},{""ticker"":""NEAR/USDT"",""qty_delta"":7.309110888597843,""price"":1.63,""cost_usd"":0.005956925374207242,""notes"":""target_w=0.0208""},{""ticker"":""SOL/USDT"",""qty_delta"":2.072633361219925,""price"":84.35,""cost_usd"":0.08741331200945032,""notes"":""target_w=0.0266""},{""ticker"":""XRP/USDT"",""qty_delta"":-2426.338789264626,""price"":1.3574,""cost_usd"":1.6467561362739016,""notes"":""target_w=0.0000""}]",99798.49,5714.57,-201.51,75677.42,"{""BTC/USDT"":{""qty"":0.04846205275282495,""avg_cost"":77987.62729390098},""ETC/USDT"":{""qty"":272.3026222886413,""avg_cost"":9.200814095154838},""FIL/USDT"":{""qty"":1678.077080528247,""avg_cost"":1.0370207662673983},""LINK/USDT"":{""qty"":276.91948140811604,""avg_cost"":9.908710264360241},""NEAR/USDT"":{""qty"":1275.7637355291406,""avg_cost"":1.5232901086218418},""ALGO/USDT"":{""qty"":14107.890674494192,""avg_cost"":0.12058582955665578},""ATOM/USDT"":{""qty"":1511.6492698171498,""avg_cost"":2.0311712901881713},""SOL/USDT"":{""qty"":31.509227025807814,""avg_cost"":92.93686358685889},""BNB/USDT"":{""qty"":6.72848598509133,""avg_cost"":663.6904016972165}}"
2026-05-20,2026-05-20T21:00:00,daily,"{""BTC/USDT"":0.03778650222056369,""BNB/USDT"":0.043268166577001166,""SOL/USDT"":0.026673298180427213,""LINK/USDT"":0.026535718496087126,""ATOM/USDT"":0.03101820208680659,""ETC/USDT"":0.024842316198604587,""NEAR/USDT"":0.020595362456978267,""ALGO/USDT"":0.016053370474981614,""FIL/USDT"":0.015799155430595065}","[{""ticker"":""ALGO/USDT"",""qty_delta"":-372.6028404427925,""price"":0.117,""cost_usd"":0.021797266165903363,""notes"":""target_w=0.0161""},{""ticker"":""ATOM/USDT"",""qty_delta"":40.1192267940221,""price"":2.001,""cost_usd"":0.04013928640741911,""notes"":""target_w=0.0310""},{""ticker"":""BNB/USDT"",""qty_delta"":-0.06810947092408615,""price"":650.32,""cost_usd"":0.022146475565675852,""notes"":""target_w=0.0433""},{""ticker"":""BTC/USDT"",""qty_delta"":0.00022030670005025732,""price"":77700.26,""cost_usd"":0.008558943936823504,""notes"":""target_w=0.0378""},{""ticker"":""ETC/USDT"",""qty_delta"":3.0959809155168045,""price"":9.03,""cost_usd"":0.01397835383355837,""notes"":""target_w=0.0248""},{""ticker"":""FIL/USDT"",""qty_delta"":-40.830306042580105,""price"":0.966,""cost_usd"":0.01972103781856619,""notes"":""target_w=0.0158""},{""ticker"":""LINK/USDT"",""qty_delta"":-1.3912105342982954,""price"":9.641,""cost_usd"":0.006706330380584933,""notes"":""target_w=0.0265""},{""ticker"":""NEAR/USDT"",""qty_delta"":-51.472471483941945,""price"":1.684,""cost_usd"":0.04333982098947912,""notes"":""target_w=0.0206""},{""ticker"":""SOL/USDT"",""qty_delta"":-0.5007433951952471,""price"":86.11,""cost_usd"":0.021559506880131366,""notes"":""target_w=0.0267""}]",100105.18,306.69,105.18,75822.41,"{""BTC/USDT"":{""qty"":0.048682359452875204,""avg_cost"":77986.32684460202},""ETC/USDT"":{""qty"":275.3986032041581,""avg_cost"":9.198893834221966},""FIL/USDT"":{""qty"":1637.246774485667,""avg_cost"":1.0370207662673983},""LINK/USDT"":{""qty"":275.52827087381775,""avg_cost"":9.908710264360241},""NEAR/USDT"":{""qty"":1224.2912640451987,""avg_cost"":1.5232901086218418},""ALGO/USDT"":{""qty"":13735.2878340514,""avg_cost"":0.12058582955665578},""ATOM/USDT"":{""qty"":1551.768496611172,""avg_cost"":2.0303912454609},""SOL/USDT"":{""qty"":31.008483630612567,""avg_cost"":92.93686358685889},""BNB/USDT"":{""qty"":6.660376514167244,""avg_cost"":663.6904016972165}}"
2026-05-21,2026-05-21T21:00:00,daily,"{""BTC/USDT"":0.038110634916493746,""BNB/USDT"":0.04317960505531327,""SOL/USDT"":0.02661868798724415,""LINK/USDT"":0.026565097598796567,""ATOM/USDT"":0.03067387946345998,""ETC/USDT"":0.02495954458985517,""NEAR/USDT"":0.018516897096293564,""ALGO/USDT"":0.016020510931599275,""FIL/USDT"":0.01580788466213374}","[{""ticker"":""ALGO/USDT"",""qty_delta"":217.5077820436818,""price"":0.1156,""cost_usd"":0.012571949802124808,""notes"":""target_w=0.0160""},{""ticker"":""ATOM/USDT"",""qty_delta"":-45.3086873470229,""price"":2.05,""cost_usd"":0.04644140453069846,""notes"":""target_w=0.0307""},{""ticker"":""BNB/USDT"",""qty_delta"":-0.05551841040745664,""price"":658.2,""cost_usd"":0.018271108865093984,""notes"":""target_w=0.0432""},{""ticker"":""BTC/USDT"",""qty_delta"":0.0006913708078201616,""price"":77712.87,""cost_usd"":0.0268642048549616,""notes"":""target_w=0.0381""},{""ticker"":""ETC/USDT"",""qty_delta"":2.8875584777596828,""price"":9.03,""cost_usd"":0.013037326527084966,""notes"":""target_w=0.0250""},{""ticker"":""FIL/USDT"",""qty_delta"":-59.90684862361286,""price"":1.009,""cost_usd"":0.030223005130612685,""notes"":""target_w=0.0158""},{""ticker"":""LINK/USDT"",""qty_delta"":-2.8632765030901624,""price"":9.809,""cost_usd"":0.0140429396094057,""notes"":""target_w=0.0266""},{""ticker"":""NEAR/USDT"",""qty_delta"":-254.8273840141003,""price"":1.923,""cost_usd"":0.24501652972955745,""notes"":""target_w=0.0185""},{""ticker"":""SOL/USDT"",""qty_delta"":-0.5196735754953892,""price"":87.9,""cost_usd"":0.022839653643022356,""notes"":""target_w=0.0266""}]",100679.45,574.28,679.45,76470.7,"{""BTC/USDT"":{""qty"":0.049373730260695366,""avg_cost"":77982.49768122793},""ETC/USDT"":{""qty"":278.2861616819178,""avg_cost"":9.197141354616436},""FIL/USDT"":{""qty"":1577.339925862054,""avg_cost"":1.0370207662673983},""LINK/USDT"":{""qty"":272.6649943707276,""avg_cost"":9.908710264360241},""NEAR/USDT"":{""qty"":969.4638800310984,""avg_cost"":1.5232901086218418},""ALGO/USDT"":{""qty"":13952.795616095082,""avg_cost"":0.12050810629901233},""ATOM/USDT"":{""qty"":1506.459809264149,""avg_cost"":2.0303912454609},""SOL/USDT"":{""qty"":30.488810055117177,""avg_cost"":92.93686358685889},""BNB/USDT"":{""qty"":6.6048581037597875,""avg_cost"":663.6904016972165}}"
2026-05-22,2026-05-22T21:00:00,daily,"{""BNB/USDT"":0.04901306797806511,""SOL/USDT"":0.031087388260757277,""LINK/USDT"":0.03044432989005402,""ATOM/USDT"":0.034476758417853276,""ETC/USDT"":0.029492253314052693,""NEAR/USDT"":0.01984392598893547,""ALGO/USDT"":0.017997537700281122,""FIL/USDT"":0.018307357874026355}","[{""ticker"":""ALGO/USDT"",""qty_delta"":1990.7021740700948,""price"":0.1134,""cost_usd"":0.11287281326977437,""notes"":""target_w=0.0180""},{""ticker"":""ATOM/USDT"",""qty_delta"":165.09354411935078,""price"":2.072,""cost_usd"":0.17103691170764743,""notes"":""target_w=0.0345""},{""ticker"":""BNB/USDT"",""qty_delta"":0.938681766963736,""price"":652.71,""cost_usd"":0.3063434880574501,""notes"":""target_w=0.0490""},{""ticker"":""BTC/USDT"",""qty_delta"":-0.049373730260695366,""price"":75886.25,""cost_usd"":1.873393618997847,""notes"":""target_w=0.0000""},{""ticker"":""ETC/USDT"",""qty_delta"":56.86386550623138,""price"":8.84,""cost_usd"":0.25133828553754267,""notes"":""target_w=0.0295""},{""ticker"":""FIL/USDT"",""qty_delta"":297.39656311131625,""price"":0.981,""cost_usd"":0.1458730142061006,""notes"":""target_w=0.0183""},{""ticker"":""LINK/USDT"",""qty_delta"":50.18623942952337,""price"":9.473,""cost_usd"":0.23770712305793745,""notes"":""target_w=0.0304""},{""ticker"":""NEAR/USDT"",""qty_delta"":-29.144675091882732,""price"":2.12,""cost_usd"":0.030893355597395696,""notes"":""target_w=0.0198""},{""ticker"":""SOL/USDT"",""qty_delta"":6.417003616904957,""price"":84.62,""cost_usd"":0.27150342303124875,""notes"":""target_w=0.0311""}]",100454.38,-225.08,454.38,77282.52,"{""ETC/USDT"":{""qty"":335.1500271881492,""avg_cost"":9.136546288800668},""FIL/USDT"":{""qty"":1874.7364889733703,""avg_cost"":1.0281339795382882},""LINK/USDT"":{""qty"":322.85123380025095,""avg_cost"":9.8409804329091},""NEAR/USDT"":{""qty"":940.3192049392156,""avg_cost"":1.5232901086218418},""ALGO/USDT"":{""qty"":15943.497790165176,""avg_cost"":0.11962058946618198},""ATOM/USDT"":{""qty"":1671.5533533834998,""avg_cost"":2.034500798254622},""SOL/USDT"":{""qty"":36.905813672022134,""avg_cost"":91.49076774427793},""BNB/USDT"":{""qty"":7.5435398707235235,""avg_cost"":662.3240533987054}}"
2026-05-23,2026-05-23T21:00:00,daily,"{""BNB/USDT"":0.04888421945497401,""SOL/USDT"":0.031012889950967844,""LINK/USDT"":0.030387566430763516,""ATOM/USDT"":0.03447542838745628,""ETC/USDT"":0.02935113709326159,""NEAR/USDT"":0.018462086055225507,""ALGO/USDT"":0.017934758328103057,""FIL/USDT"":0.018167926809817395}","[{""ticker"":""ALGO/USDT"",""qty_delta"":4.812379837101616,""price"":0.1133,""cost_usd"":0.0002726213177718066,""notes"":""target_w=0.0179""},{""ticker"":""ATOM/USDT"",""qty_delta"":-5.639013841109772,""price"":2.085,""cost_usd"":0.005878671929356938,""notes"":""target_w=0.0345""},{""ticker"":""BNB/USDT"",""qty_delta"":0.005131241463415037,""price"":652.45,""cost_usd"":0.0016739392464025706,""notes"":""target_w=0.0489""},{""ticker"":""ETC/USDT"",""qty_delta"":-4.372141785529834,""price"":8.94,""cost_usd"":0.01954347378131836,""notes"":""target_w=0.0294""},{""ticker"":""FIL/USDT"",""qty_delta"":-5.037323356858678,""price"":0.979,""cost_usd"":0.002465769783182323,""notes"":""target_w=0.0182""},{""ticker"":""LINK/USDT"",""qty_delta"":2.675136524065124,""price"":9.405,""cost_usd"":0.012579829504416244,""notes"":""target_w=0.0304""},{""ticker"":""NEAR/USDT"",""qty_delta"":-163.3466485281491,""price"":2.394,""cost_usd"":0.19552593828819448,""notes"":""target_w=0.0185""},{""ticker"":""SOL/USDT"",""qty_delta"":-0.1331005054328358,""price"":84.97,""cost_usd"":0.00565477497331403,""notes"":""target_w=0.0310""}]",100750.68,296.31,750.68,77711.36,"{""ETC/USDT"":{""qty"":330.77788540261935,""avg_cost"":9.136546288800668},""FIL/USDT"":{""qty"":1869.6991656165117,""avg_cost"":1.0281339795382882},""LINK/USDT"":{""qty"":325.5263703243161,""avg_cost"":9.83739759819531},""NEAR/USDT"":{""qty"":776.9725564110665,""avg_cost"":1.5232901086218418},""ALGO/USDT"":{""qty"":15948.310170002278,""avg_cost"":0.11961868223732944},""ATOM/USDT"":{""qty"":1665.91433954239,""avg_cost"":2.034500798254622},""SOL/USDT"":{""qty"":36.7727131665893,""avg_cost"":91.49076774427793},""BNB/USDT"":{""qty"":7.5486711121869385,""avg_cost"":662.3173414686903}}"
2026-05-24,2026-05-24T21:00:00,daily,"{""BNB/USDT"":0.0491045955536086,""SOL/USDT"":0.030962809378896613,""LINK/USDT"":0.030289106320612755,""ATOM/USDT"":0.03382983793090783,""ETC/USDT"":0.029226612306710927,""NEAR/USDT"":0.017815685776144913,""ALGO/USDT"":0.017816573749694944,""FIL/USDT"":0.01806762671495874}","[{""ticker"":""ALGO/USDT"",""qty_delta"":123.85773874741608,""price"":0.1116,""cost_usd"":0.006911261822105818,""notes"":""target_w=0.0178""},{""ticker"":""ATOM/USDT"",""qty_delta"":0.3100659324293247,""price"":2.044,""cost_usd"":0.0003168873829427698,""notes"":""target_w=0.0338""},{""ticker"":""BNB/USDT"",""qty_delta"":-0.015568114652587006,""price"":656.24,""cost_usd"":0.005108209779806849,""notes"":""target_w=0.0491""},{""ticker"":""ETC/USDT"",""qty_delta"":-0.9190738709916673,""price"":8.92,""cost_usd"":0.004099069464622836,""notes"":""target_w=0.0292""},{""ticker"":""FIL/USDT"",""qty_delta"":40.939782354491854,""price"":0.952,""cost_usd"":0.019487336400738124,""notes"":""target_w=0.0181""},{""ticker"":""LINK/USDT"",""qty_delta"":-2.3697979311536415,""price"":9.436,""cost_usd"":0.01118070663918288,""notes"":""target_w=0.0303""},{""ticker"":""NEAR/USDT"",""qty_delta"":-36.44219168945176,""price"":2.422,""cost_usd"":0.04413149413592608,""notes"":""target_w=0.0178""},{""ticker"":""SOL/USDT"",""qty_delta"":-0.2595428218792861,""price"":85.37,""cost_usd"":0.011078585351917329,""notes"":""target_w=0.0310""}]",100673.23,-77.45,673.23,77809.03,"{""ETC/USDT"":{""qty"":329.8588115316277,""avg_cost"":9.136546288800668},""FIL/USDT"":{""qty"":1910.6389479710035,""avg_cost"":1.0265026359736713},""LINK/USDT"":{""qty"":323.15657239316243,""avg_cost"":9.83739759819531},""NEAR/USDT"":{""qty"":740.5303647216148,""avg_cost"":1.5232901086218418},""ALGO/USDT"":{""qty"":16072.167908749694,""avg_cost"":0.11955688747166444},""ATOM/USDT"":{""qty"":1666.2244054748194,""avg_cost"":2.0345025659509997},""SOL/USDT"":{""qty"":36.51317034471001,""avg_cost"":91.49076774427793},""BNB/USDT"":{""qty"":7.5331029975343515,""avg_cost"":662.3173414686903}}"
2026-05-25,2026-05-25T21:00:00,daily,"{""BNB/USDT"":0.0504905822223833,""SOL/USDT"":0.032304146803164915,""LINK/USDT"":0.031221707531609386,""ATOM/USDT"":0.03407367329702752,""ETC/USDT"":0.030292620474383514,""NEAR/USDT"":0.016590501022660867,""ALGO/USDT"":0.017975423985689163,""FIL/USDT"":0.018309258771933647}","[{""ticker"":""ALGO/USDT"",""qty_delta"":-64.90264736472454,""price"":0.1138,""cost_usd"":0.0036929606350528266,""notes"":""target_w=0.0180""},{""ticker"":""ATOM/USDT"",""qty_delta"":-53.416852059904386,""price"":2.141,""cost_usd"":0.05718274013012765,""notes"":""target_w=0.0341""},{""ticker"":""BNB/USDT"",""qty_delta"":0.19477918934166016,""price"":662.11,""cost_usd"":0.06448262452750331,""notes"":""target_w=0.0505""},{""ticker"":""ETC/USDT"",""qty_delta"":10.102389191902034,""price"":9.03,""cost_usd"":0.04561228720143768,""notes"":""target_w=0.0303""},{""ticker"":""FIL/USDT"",""qty_delta"":-49.598271730235865,""price"":0.997,""cost_usd"":0.024724738457522582,""notes"":""target_w=0.0183""},{""ticker"":""LINK/USDT"",""qty_delta"":8.048618268905102,""price"":9.553,""cost_usd"":0.038444225161425226,""notes"":""target_w=0.0312""},{""ticker"":""NEAR/USDT"",""qty_delta"":-132.91240297563866,""price"":2.767,""cost_usd"":0.18388430951679607,""notes"":""target_w=0.0166""},{""ticker"":""SOL/USDT"",""qty_delta"":1.7130956617449868,""price"":85.64,""cost_usd"":0.07335475623592033,""notes"":""target_w=0.0323""}]",101339.36,666.12,1339.36,77903.72,"{""ETC/USDT"":{""qty"":339.9612007235297,""avg_cost"":9.133380127267746},""FIL/USDT"":{""qty"":1861.0406762407677,""avg_cost"":1.0265026359736713},""LINK/USDT"":{""qty"":331.20519066206754,""avg_cost"":9.83048645136246},""NEAR/USDT"":{""qty"":607.6179617459761,""avg_cost"":1.5232901086218418},""ALGO/USDT"":{""qty"":16007.26526138497,""avg_cost"":0.11955688747166444},""ATOM/USDT"":{""qty"":1612.807553414915,""avg_cost"":2.0345025659509997},""SOL/USDT"":{""qty"":38.226266006455,""avg_cost"":91.2285677993786},""BNB/USDT"":{""qty"":7.727882186876012,""avg_cost"":662.3121154828107}}"
2026-05-26,2026-05-26T21:00:00,daily,"{""BNB/USDT"":0.08222991632170136,""ATOM/USDT"":0.05432842315254546,""NEAR/USDT"":0.026450960425414522,""ALGO/USDT"":0.028766453866820557,""FIL/USDT"":0.029554244390421442}","[{""ticker"":""ALGO/USDT"",""qty_delta"":9790.174297596519,""price"":0.1092,""cost_usd"":0.53454351664877,""notes"":""target_w=0.0288""},{""ticker"":""ATOM/USDT"",""qty_delta"":802.2390545729097,""price"":2.203,""cost_usd"":0.88366631861206,""notes"":""target_w=0.0543""},{""ticker"":""BNB/USDT"",""qty_delta"":4.518301535306944,""price"":657.57,""cost_usd"":1.4855497702858935,""notes"":""target_w=0.0822""},{""ticker"":""ETC/USDT"",""qty_delta"":-339.9612007235297,""price"":8.65,""cost_usd"":1.470332193129266,""notes"":""target_w=0.0000""},{""ticker"":""FIL/USDT"",""qty_delta"":1010.217479682665,""price"":1.008,""cost_usd"":0.5091496097600632,""notes"":""target_w=0.0296""},{""ticker"":""NEAR/USDT"",""qty_delta"":365.09161782311503,""price"":2.663,""cost_usd"":0.4861194891314776,""notes"":""target_w=0.0265""},{""ticker"":""SOL/USDT"",""qty_delta"":-38.226266006455,""price"":83.93,""cost_usd"":1.604165252960884,""notes"":""target_w=0.0000""}]",97922.39,-3416.97,-2077.61,76247.68,"{""FIL/USDT"":{""qty"":2871.2581559234327,""avg_cost"":1.0199927071321122},""LINK/USDT"":{""qty"":331.20519066206754,""avg_cost"":9.83048645136246},""NEAR/USDT"":{""qty"":972.7095795690911,""avg_cost"":1.9510627314396303},""ALGO/USDT"":{""qty"":25797.43955898149,""avg_cost"":0.11562643021460355},""ATOM/USDT"":{""qty"":2415.0466079878247,""avg_cost"":2.0904746626146156},""BNB/USDT"":{""qty"":12.246183722182955,""avg_cost"":660.5624840749645}}"
2026-05-27,2026-05-27T21:00:00,daily,"{""BNB/USDT"":0.13687816090727584,""ATOM/USDT"":0.08890798257531207,""FIL/USDT"":0.04933974355654401}","[{""ticker"":""ALGO/USDT"",""qty_delta"":-25797.43955898149,""price"":0.1073,""cost_usd"":1.384032632339357,""notes"":""target_w=0.0000""},{""ticker"":""ATOM/USDT"",""qty_delta"":1628.3559658581758,""price"":2.163,""cost_usd"":1.7610669770756169,""notes"":""target_w=0.0889""},{""ticker"":""BNB/USDT"",""qty_delta"":8.359697507244409,""price"":653.44,""cost_usd"":2.7312803695668935,""notes"":""target_w=0.1369""},{""ticker"":""FIL/USDT"",""qty_delta"":1707.5639364393687,""price"":1.06,""cost_usd"":0.9050088863128655,""notes"":""target_w=0.0493""},{""ticker"":""LINK/USDT"",""qty_delta"":-331.20519066206754,""price"":9.314,""cost_usd"":1.5424225729132486,""notes"":""target_w=0.0000""}]",98361.69,439.31,-1638.31,71297.56,"{""FIL/USDT"":{""qty"":4578.822092362801,""avg_cost"":1.0349124854326752},""NEAR/USDT"":{""qty"":972.7095795690911,""avg_cost"":1.9510627314396303},""ATOM/USDT"":{""qty"":4043.4025738460005,""avg_cost"":2.119682010547581},""BNB/USDT"":{""qty"":20.605881229427364,""avg_cost"":657.672929791703}}"
2026-05-28,2026-05-28T21:00:00,daily,"{""ATOM/USDT"":0.06347769665248987,""XLM/USDT"":0.03847038130224744,""NEAR/USDT"":0.03198958316224533,""FIL/USDT"":0.036421196765028224}","[{""ticker"":""ATOM/USDT"",""qty_delta"":-935.9627238721032,""price"":2.031,""cost_usd"":0.9504701460921209,""notes"":""target_w=0.0635""},{""ticker"":""BNB/USDT"",""qty_delta"":-20.605881229427364,""price"":639.84,""cost_usd"":6.592233522918403,""notes"":""target_w=0.0000""},{""ticker"":""FIL/USDT"",""qty_delta"":-810.7229655696487,""price"":0.961,""cost_usd"":0.3895523849562162,""notes"":""target_w=0.0364""},{""ticker"":""NEAR/USDT"",""qty_delta"":355.27966597787577,""price"":2.395,""cost_usd"":0.4254474000085062,""notes"":""target_w=0.0320""},{""ticker"":""XLM/USDT"",""qty_delta"":18972.626526294473,""price"":0.2016,""cost_usd"":1.9124407538504828,""notes"":""target_w=0.0385""}]",99413.79,1052.1,-586.21,82476.02,"{""FIL/USDT"":{""qty"":3768.0991267931527,""avg_cost"":1.0349124854326752},""NEAR/USDT"":{""qty"":1327.989245546967,""avg_cost"":2.0698301725300863},""ATOM/USDT"":{""qty"":3107.4398499738973,""avg_cost"":2.119682010547581},""XLM/USDT"":{""qty"":18972.626526294473,""avg_cost"":0.2016}}"
2026-05-29,2026-05-29T21:00:00,daily,"{""ATOM/USDT"":0.06454411285615405,""XLM/USDT"":0.03357311361056285,""NEAR/USDT"":0.03196703677771083,""FIL/USDT"":0.0364278844834054}","[{""ticker"":""ATOM/USDT"",""qty_delta"":56.77995427276346,""price"":2.047,""cost_usd"":0.05811428319817341,""notes"":""target_w=0.0645""},{""ticker"":""FIL/USDT"",""qty_delta"":16.19318503343993,""price"":0.966,""cost_usd"":0.007821308371151487,""notes"":""target_w=0.0364""},{""ticker"":""NEAR/USDT"",""qty_delta"":-66.49907271868892,""price"":2.543,""cost_usd"":0.08455357096181297,""notes"":""target_w=0.0320""},{""ticker"":""XLM/USDT"",""qty_delta"":-4762.8281002357035,""price"":0.2371,""cost_usd"":0.5646332712829427,""notes"":""target_w=0.0336""}]",100351.71,937.92,351.71,83641.81,"{""FIL/USDT"":{""qty"":3784.2923118265926,""avg_cost"":1.0346176052976923},""NEAR/USDT"":{""qty"":1261.490172828278,""avg_cost"":2.0698301725300863},""ATOM/USDT"":{""qty"":3164.2198042466607,""avg_cost"":2.1183777771217596},""XLM/USDT"":{""qty"":14209.79842605877,""avg_cost"":0.2016}}"
2026-05-30,2026-05-30T21:00:00,daily,"{""BNB/USDT"":0.05749074984107131,""ATOM/USDT"":0.05158546503788371,""XLM/USDT"":0.022825570210697872,""NEAR/USDT"":0.02546718043610843,""FIL/USDT"":0.0291101481891206}","[{""ticker"":""ATOM/USDT"",""qty_delta"":-623.9805566327568,""price"":2.035,""cost_usd"":0.6349002163738301,""notes"":""target_w=0.0516""},{""ticker"":""BNB/USDT"",""qty_delta"":7.990618882563759,""price"":720.99,""cost_usd"":2.8805781540698225,""notes"":""target_w=0.0575""},{""ticker"":""FIL/USDT"",""qty_delta"":-810.6611846448559,""price"":0.981,""cost_usd"":0.39762931106830185,""notes"":""target_w=0.0291""},{""ticker"":""NEAR/USDT"",""qty_delta"":-156.69804580860682,""price"":2.31,""cost_usd"":0.1809862429089409,""notes"":""target_w=0.0255""},{""ticker"":""XLM/USDT"",""qty_delta"":-4930.473181063848,""price"":0.2465,""cost_usd"":0.6076808195661192,""notes"":""target_w=0.0228""}]",100205.44,-146.26,205.44,81518.34,"{""FIL/USDT"":{""qty"":2973.6311271817367,""avg_cost"":1.0346176052976923},""NEAR/USDT"":{""qty"":1104.7921270196712,""avg_cost"":2.0698301725300863},""ATOM/USDT"":{""qty"":2540.239247613904,""avg_cost"":2.1183777771217596},""XLM/USDT"":{""qty"":9279.325244994921,""avg_cost"":0.2016},""BNB/USDT"":{""qty"":7.990618882563759,""avg_cost"":720.99}}"
2026-05-31,2026-05-31T21:00:00,daily,"{""BNB/USDT"":0.09707622994694384,""XLM/USDT"":0.0365473491287228,""NEAR/USDT"":0.04205402279650712}","[{""ticker"":""ATOM/USDT"",""qty_delta"":-2540.239247613904,""price"":1.927,""cost_usd"":2.447520515075997,""notes"":""target_w=0.0000""},{""ticker"":""BNB/USDT"",""qty_delta"":5.646061703267452,""price"":708.96,""cost_usd"":2.0014159525742463,""notes"":""target_w=0.0971""},{""ticker"":""FIL/USDT"",""qty_delta"":-2973.6311271817367,""price"":0.925,""cost_usd"":1.3753043963215532,""notes"":""target_w=0.0000""},{""ticker"":""NEAR/USDT"",""qty_delta"":750.8468483074198,""price"":2.257,""cost_usd"":0.8473306683149233,""notes"":""target_w=0.0421""},{""ticker"":""XLM/USDT"",""qty_delta"":5613.331489309698,""price"":0.2444,""cost_usd"":0.6859491079936451,""notes"":""target_w=0.0365""}]",99583.05,-622.39,-416.95,82087.24,"{""NEAR/USDT"":{""qty"":1855.638975327091,""avg_cost"":2.1455646644881767},""XLM/USDT"":{""qty"":14892.656734304619,""avg_cost"":0.21773215103447915},""BNB/USDT"":{""qty"":13.636680585831211,""avg_cost"":716.0091601348439}}"
2026-06-01,2026-06-01T21:00:00,daily,"{""BNB/USDT"":0.10070354357530406,""XLM/USDT"":0.0353811310438524,""NEAR/USDT"":0.04025603449543583}","[{""ticker"":""BNB/USDT"",""qty_delta"":0.8034519402371121,""price"":698.71,""cost_usd"":0.28068995258153634,""notes"":""target_w=0.1007""},{""ticker"":""NEAR/USDT"",""qty_delta"":-323.2518596374073,""price"":2.632,""cost_usd"":0.425399447282828,""notes"":""target_w=0.0403""},{""ticker"":""XLM/USDT"",""qty_delta"":-587.4613077575741,""price"":0.2478,""cost_usd"":0.07278645603116343,""notes"":""target_w=0.0354""}]",100188.99,605.94,188.99,82521.46,"{""NEAR/USDT"":{""qty"":1532.3871156896837,""avg_cost"":2.1455646644881767},""XLM/USDT"":{""qty"":14305.195426547045,""avg_cost"":0.21773215103447915},""BNB/USDT"":{""qty"":14.440132526068323,""avg_cost"":715.0466313111145}}"
2026-06-02,2026-06-02T21:00:00,daily,{},[],82521.46,-17667.54,-17478.54,82521.46,"{""NEAR/USDT"":{""qty"":1532.3871156896837,""avg_cost"":2.1455646644881767},""XLM/USDT"":{""qty"":14305.195426547045,""avg_cost"":0.21773215103447915},""BNB/USDT"":{""qty"":14.440132526068323,""avg_cost"":715.0466313111145}}"
2026-06-03,2026-06-03T21:00:00,daily,"{""XLM/USDT"":0.051516397461872664,""NEAR/USDT"":0.05954193580959777}","[{""ticker"":""BNB/USDT"",""qty_delta"":-14.440132526068323,""price"":622.09,""cost_usd"":4.491531021570921,""notes"":""target_w=0.0000""},{""ticker"":""NEAR/USDT"",""qty_delta"":535.0886241648552,""price"":2.849,""cost_usd"":0.7622337451228364,""notes"":""target_w=0.0595""},{""ticker"":""XLM/USDT"",""qty_delta"":9553.910103477203,""price"":0.2136,""cost_usd"":1.0203575990513654,""notes"":""target_w=0.0515""}]",98919.61,16398.15,-1080.39,87933.06,"{""NEAR/USDT"":{""qty"":2067.475739854539,""avg_cost"":2.32762254241735},""XLM/USDT"":{""qty"":23859.105530024248,""avg_cost"":0.21607751232777136}}"
2026-06-04,2026-06-04T21:00:00,daily,"{""XLM/USDT"":0.05122607554301045,""NEAR/USDT"":0.05472059267814944}","[{""ticker"":""NEAR/USDT"",""qty_delta"":210.13426193860641,""price"":2.349,""cost_usd"":0.24680269064689328,""notes"":""target_w=0.0547""},{""ticker"":""XLM/USDT"",""qty_delta"":127.68688879321417,""price"":0.2088,""cost_usd"":0.01333051119001156,""notes"":""target_w=0.0512""}]",97771.08,-1148.52,-2228.92,87412.54,"{""NEAR/USDT"":{""qty"":2277.6100017931453,""avg_cost"":2.3295948450801047},""XLM/USDT"":{""qty"":23986.792418817462,""avg_cost"":0.21603877255418838}}"
2026-06-05,2026-06-05T21:00:00,daily,"{""XLM/USDT"":0.05102714293371908,""NEAR/USDT"":0.05060180983685448}","[{""ticker"":""NEAR/USDT"",""qty_delta"":182.55840637416168,""price"":1.986,""cost_usd"":0.18128049752954253,""notes"":""target_w=0.0506""},{""ticker"":""XLM/USDT"",""qty_delta"":1594.5305528966965,""price"":0.1926,""cost_usd"":0.15355329224395187,""notes"":""target_w=0.0510""}]",96555.39,-1215.69,-3444.61,86742.53,"{""NEAR/USDT"":{""qty"":2460.168408167307,""avg_cost"":2.304098164792706},""XLM/USDT"":{""qty"":25581.32297171416,""avg_cost"":0.21457779107948613}}"
2026-06-06,2026-06-06T21:00:00,daily,"{""XLM/USDT"":0.051547833789941974,""NEAR/USDT"":0.05016450047542548}","[{""ticker"":""NEAR/USDT"",""qty_delta"":140.37352240671225,""price"":1.862,""cost_usd"":0.1306877493606491,""notes"":""target_w=0.0502""},{""ticker"":""XLM/USDT"",""qty_delta"":-1118.503171504075,""price"":0.2034,""cost_usd"":0.11375177254196443,""notes"":""target_w=0.0515""}]",96526.36,-29.03,-3473.64,86708.42,"{""NEAR/USDT"":{""qty"":2600.5419305740193,""avg_cost"":2.2802343401368206},""XLM/USDT"":{""qty"":24462.819800210083,""avg_cost"":0.21457779107948613}}"
2026-06-07,2026-06-07T21:00:00,daily,"{""XLM/USDT"":0.05112860151152907,""NEAR/USDT"":0.04992081122131612}","[{""ticker"":""NEAR/USDT"",""qty_delta"":-137.5996467074101,""price"":1.96,""cost_usd"":0.1348476537732619,""notes"":""target_w=0.0499""},{""ticker"":""XLM/USDT"",""qty_delta"":245.62991760848308,""price"":0.2001,""cost_usd"":0.024575273256728734,""notes"":""target_w=0.0511""}]",96700.33,173.97,-3299.67,86928.8,"{""NEAR/USDT"":{""qty"":2462.942283866609,""avg_cost"":2.2802343401368206},""XLM/USDT"":{""qty"":24708.449717818567,""avg_cost"":0.2144338654722295}}"
2026-06-08,2026-06-08T21:00:00,daily,"{""XLM/USDT"":0.05147091615543652,""NEAR/USDT"":0.04887249682542352}","[{""ticker"":""NEAR/USDT"",""qty_delta"":-288.62056471017195,""price"":2.188,""cost_usd"":0.31575089779292814,""notes"":""target_w=0.0489""},{""ticker"":""XLM/USDT"",""qty_delta"":-75.43623541721172,""price"":0.2034,""cost_usd"":0.007671865141930432,""notes"":""target_w=0.0515""}]",97343.1,642.77,-2656.9,87575.32,"{""NEAR/USDT"":{""qty"":2174.321719156437,""avg_cost"":2.2802343401368206},""XLM/USDT"":{""qty"":24633.013482401355,""avg_cost"":0.2144338654722295}}"
2026-06-09,2026-06-09T21:00:00,daily,"{""XLM/USDT"":0.05129530333257727,""NEAR/USDT"":0.04899237709754882}","[{""ticker"":""NEAR/USDT"",""qty_delta"":-32.08428820956533,""price"":2.224,""cost_usd"":0.03567772848903666,""notes"":""target_w=0.0490""},{""ticker"":""XLM/USDT"",""qty_delta"":778.5377572485049,""price"":0.1963,""cost_usd"":0.07641348087394076,""notes"":""target_w=0.0513""}]",97246.36,-96.73,-2753.64,87493.74,"{""NEAR/USDT"":{""qty"":2142.237430946872,""avg_cost"":2.2802343401368206},""XLM/USDT"":{""qty"":25411.55123964986,""avg_cost"":0.213878295337142}}"
2026-06-10,2026-06-10T21:00:00,daily,"{""XLM/USDT"":0.050884084327561335,""NEAR/USDT"":0.048562471204876015}","[{""ticker"":""NEAR/USDT"",""qty_delta"":194.57171025032994,""price"":2.005,""cost_usd"":0.19505813952595577,""notes"":""target_w=0.0486""},{""ticker"":""XLM/USDT"",""qty_delta"":1182.659639131598,""price"":0.1846,""cost_usd"":0.10915948469184648,""notes"":""target_w=0.0509""}]",96479.6,-766.77,-3520.4,86885.0,"{""NEAR/USDT"":{""qty"":2336.809141197202,""avg_cost"":2.257317271157621},""XLM/USDT"":{""qty"":26594.210878781458,""avg_cost"":0.2125762729400255}}"
2026-06-11,2026-06-11T21:00:00,daily,"{""XLM/USDT"":0.050676345006691256,""NEAR/USDT"":0.048454991232433256}","[{""ticker"":""NEAR/USDT"",""qty_delta"":-32.50027512613042,""price"":2.034,""cost_usd"":0.03305277980327463,""notes"":""target_w=0.0485""},{""ticker"":""XLM/USDT"",""qty_delta"":-983.8044386428737,""price"":0.1914,""cost_usd"":0.094150084778123,""notes"":""target_w=0.0507""}]",96728.08,248.48,-3271.92,87139.28,"{""NEAR/USDT"":{""qty"":2304.3088660710714,""avg_cost"":2.257317271157621},""XLM/USDT"":{""qty"":25610.406440138584,""avg_cost"":0.2125762729400255}}"
2026-06-12,2026-06-12T21:00:00,daily,"{""NEAR/USDT"":0.09685887649501497}","[{""ticker"":""NEAR/USDT"",""qty_delta"":2120.084871320239,""price"":2.009,""cost_usd"":2.12962525324118,""notes"":""target_w=0.0969""}]",91766.51,-4961.57,-8233.49,82877.9,"{""NEAR/USDT"":{""qty"":4424.39373739131,""avg_cost"":2.138328383387609},""XLM/USDT"":{""qty"":25610.406440138584,""avg_cost"":0.2125762729400255}}"
2026-06-13,2026-06-13T21:00:00,daily,"{""XLM/USDT"":0.050728209123663166,""NEAR/USDT"":0.04855092039861085}","[{""ticker"":""NEAR/USDT"",""qty_delta"":-2184.8150932113977,""price"":2.102,""cost_usd"":2.296240662965179,""notes"":""target_w=0.0486""},{""ticker"":""XLM/USDT"",""qty_delta"":721.0099298657988,""price"":0.1868,""cost_usd"":0.0673423274494656,""notes"":""target_w=0.0507""}]",96959.64,5193.13,-3040.36,87333.33,"{""NEAR/USDT"":{""qty"":2239.5786441799128,""avg_cost"":2.138328383387609},""XLM/USDT"":{""qty"":26331.416370004383,""avg_cost"":0.21187046401263868}}"
2026-06-14,2026-06-14T21:00:00,daily,"{""XLM/USDT"":0.05064136352438361,""NEAR/USDT"":0.04846726874274789}","[{""ticker"":""NEAR/USDT"",""qty_delta"":-8.968019080835802,""price"":2.104,""cost_usd"":0.009434356073039265,""notes"":""target_w=0.0485""},{""ticker"":""XLM/USDT"",""qty_delta"":641.7832801836084,""price"":0.1818,""cost_usd"":0.05833810016869,""notes"":""target_w=0.0506""}]",96832.39,-127.25,-3167.61,87235.46,"{""NEAR/USDT"":{""qty"":2230.610625099077,""avg_cost"":2.138328383387609},""XLM/USDT"":{""qty"":26973.19965018799,""avg_cost"":0.21115498637999006}}"
2026-06-15,2026-06-15T21:00:00,daily,"{""XLM/USDT"":0.04898593777046345,""NEAR/USDT"":0.04741958561529492}","[{""ticker"":""NEAR/USDT"",""qty_delta"":-335.5778806472856,""price"":2.469,""cost_usd"":0.4142708936590741,""notes"":""target_w=0.0474""},{""ticker"":""XLM/USDT"",""qty_delta"":-4973.263339455763,""price"":0.2197,""cost_usd"":0.5463129778392156,""notes"":""target_w=0.0490""}]",98667.89,1835.5,-1332.11,89155.66,"{""NEAR/USDT"":{""qty"":1895.0327444517914,""avg_cost"":2.138328383387609},""XLM/USDT"":{""qty"":21999.936310732228,""avg_cost"":0.21115498637999006}}"
2026-06-16,2026-06-16T21:00:00,daily,"{""XLM/USDT"":0.04986277819581974,""NEAR/USDT"":0.047824543890582834}","[{""ticker"":""NEAR/USDT"",""qty_delta"":142.43344806448977,""price"":2.308,""cost_usd"":0.16436819906642117,""notes"":""target_w=0.0478""},{""ticker"":""XLM/USDT"",""qty_delta"":480.0574174518624,""price"":0.2181,""cost_usd"":0.0523502613731256,""notes"":""target_w=0.0499""}]",98327.37,-340.52,-1672.63,88722.01,"{""NEAR/USDT"":{""qty"":2037.4661925162811,""avg_cost"":2.150189641984952},""XLM/USDT"":{""qty"":22479.99372818409,""avg_cost"":0.21130329626578911}}"
2026-06-17,2026-06-17T21:00:00,daily,"{""XLM/USDT"":0.04994812890523962,""NEAR/USDT"":0.047955611554479596}","[{""ticker"":""NEAR/USDT"",""qty_delta"":69.28061745181981,""price"":2.236,""cost_usd"":0.07745573031113456,""notes"":""target_w=0.0480""},{""ticker"":""XLM/USDT"",""qty_delta"":-208.49530904676794,""price"":0.2203,""cost_usd"":0.02296575829150149,""notes"":""target_w=0.0499""}]",98230.03,-97.34,-1769.97,88612.93,"{""NEAR/USDT"":{""qty"":2106.746809968101,""avg_cost"":2.1530115257343025},""XLM/USDT"":{""qty"":22271.498419137322,""avg_cost"":0.21130329626578911}}"
2026-06-18,2026-06-18T21:00:00,daily,"{""XLM/USDT"":0.04962612642023998,""NEAR/USDT"":0.047773944712521596}","[{""ticker"":""NEAR/USDT"",""qty_delta"":21.870707918571952,""price"":2.213,""cost_usd"":0.024199938311899868,""notes"":""target_w=0.0478""},{""ticker"":""XLM/USDT"",""qty_delta"":-1814.7245017655005,""price"":0.2392,""cost_usd"":0.21704105041115387,""notes"":""target_w=0.0496""}]",98602.26,372.23,-1397.74,88998.37,"{""NEAR/USDT"":{""qty"":2128.617517886673,""avg_cost"":2.153627883716947},""XLM/USDT"":{""qty"":20456.773917371822,""avg_cost"":0.21130329626578911}}"
2026-06-19,2026-06-19T21:00:00,daily,"{""XLM/USDT"":0.04940385835424292,""NEAR/USDT"":0.047463650013988154}","[{""ticker"":""NEAR/USDT"",""qty_delta"":57.389207950635864,""price"":2.128,""cost_usd"":0.061062117259476564,""notes"":""target_w=0.0475""},{""ticker"":""XLM/USDT"",""qty_delta"":1652.7167309239412,""price"":0.219,""cost_usd"":0.18097248203617156,""notes"":""target_w=0.0494""}]",98007.86,-594.4,-1992.14,88514.06,"{""NEAR/USDT"":{""qty"":2186.0067258373087,""avg_cost"":2.152955075197841},""XLM/USDT"":{""qty"":22109.490648295763,""avg_cost"":0.2118786361158492}}"
2026-06-20,2026-06-20T21:00:00,daily,"{""XLM/USDT"":0.04932971748372525,""NEAR/USDT"":0.047644835483965586}","[{""ticker"":""NEAR/USDT"",""qty_delta"":-26.552917284543582,""price"":2.161,""cost_usd"":0.028690427125949342,""notes"":""target_w=0.0476""},{""ticker"":""XLM/USDT"",""qty_delta"":584.7586210094596,""price"":0.2129,""cost_usd"":0.06224755520645698,""notes"":""target_w=0.0493""}]",97945.04,-62.82,-2054.96,88446.86,"{""NEAR/USDT"":{""qty"":2159.453808552765,""avg_cost"":2.152955075197841},""XLM/USDT"":{""qty"":22694.249269305223,""avg_cost"":0.2119049534145339}}"
2026-06-21,2026-06-21T21:00:00,daily,"{""XLM/USDT"":0.04942576433614085,""NEAR/USDT"":0.04765805521732497}","[{""ticker"":""NEAR/USDT"",""qty_delta"":-14.317301273691555,""price"":2.178,""cost_usd"":0.015591541087050104,""notes"":""target_w=0.0477""},{""ticker"":""XLM/USDT"",""qty_delta"":-178.43692308919344,""price"":0.2152,""cost_usd"":0.019199812924397215,""notes"":""target_w=0.0494""}]",98033.91,88.87,-1966.09,88516.4,"{""NEAR/USDT"":{""qty"":2145.1365072790736,""avg_cost"":2.152955075197841},""XLM/USDT"":{""qty"":22515.81234621603,""avg_cost"":0.2119049534145339}}"
2026-06-22,2026-06-22T21:00:00,daily,"{""XLM/USDT"":0.049236468155125855,""NEAR/USDT"":0.047446524413180244}","[{""ticker"":""NEAR/USDT"",""qty_delta"":44.71897418409435,""price"":2.116,""cost_usd"":0.04731267468677182,""notes"":""target_w=0.0474""},{""ticker"":""XLM/USDT"",""qty_delta"":986.3583628748347,""price"":0.2046,""cost_usd"":0.10090446052209559,""notes"":""target_w=0.0492""}]",97662.1,-371.81,-2337.9,88219.82,"{""NEAR/USDT"":{""qty"":2189.855481463168,""avg_cost"":2.1522004166974362},""XLM/USDT"":{""qty"":23502.170709090864,""avg_cost"":0.21159837314243804}}"
2026-06-23,2026-06-23T21:00:00,daily,"{""XLM/USDT"":0.04901775774845964,""NEAR/USDT"":0.047191508928815594}","[{""ticker"":""NEAR/USDT"",""qty_delta"":116.28830595211593,""price"":1.988,""cost_usd"":0.11559057611640325,""notes"":""target_w=0.0472""},{""ticker"":""XLM/USDT"",""qty_delta"":956.1360508400285,""price"":0.1947,""cost_usd"":0.09307984454927677,""notes"":""target_w=0.0490""}]",97148.92,-513.18,-2851.08,87802.27,"{""NEAR/USDT"":{""qty"":2306.143787415284,""avg_cost"":2.143920539094584},""XLM/USDT"":{""qty"":24458.306759930892,""avg_cost"":0.21093777370190353}}"
2026-06-24,2026-06-24T21:00:00,daily,"{""XLM/USDT"":0.0487565376415504,""NEAR/USDT"":0.04704154910841082}","[{""ticker"":""NEAR/USDT"",""qty_delta"":65.42711699415122,""price"":1.919,""cost_usd"":0.0627773187558881,""notes"":""target_w=0.0470""},{""ticker"":""XLM/USDT"",""qty_delta"":1080.1961746474626,""price"":0.1847,""cost_usd"":0.09975611672869318,""notes"":""target_w=0.0488""}]",96745.05,-403.87,-3254.95,87477.04,"{""NEAR/USDT"":{""qty"":2371.570904409435,""avg_cost"":2.1377154105030804},""XLM/USDT"":{""qty"":25538.502934578355,""avg_cost"":0.2098280006327199}}"
2026-06-25,2026-06-25T21:00:00,daily,{},"[{""ticker"":""NEAR/USDT"",""qty_delta"":-2371.570904409435,""price"":1.835,""cost_usd"":2.1759163047956567,""notes"":""target_w=0.0000""},{""ticker"":""XLM/USDT"",""qty_delta"":-25538.502934578355,""price"":0.1762,""cost_usd"":2.249942108536353,""notes"":""target_w=0.0000""}]",96324.33,-420.72,-3675.67,96324.33,{}
2026-06-26,2026-06-26T21:00:00,daily,{},[],96324.33,0.0,-3675.67,96324.33,{}
2026-06-27,2026-06-27T21:00:00,daily,{},[],96324.33,0.0,-3675.67,96324.33,{}
2026-06-28,2026-06-28T21:00:00,daily,{},[],96324.33,0.0,-3675.67,96324.33,{}
2026-06-29,2026-06-29T21:00:00,daily,{},[],96324.33,0.0,-3675.67,96324.33,{}
2026-06-30,2026-06-30T21:00:00,daily,{},[],96324.33,0.0,-3675.67,96324.33,{}
2026-07-01,2026-07-01T21:00:00,daily,{},[],96324.33,0.0,-3675.67,96324.33,{}
2026-07-02,2026-07-02T21:00:00,daily,{},[],96324.33,0.0,-3675.67,96324.33,{}
2026-08-04,2026-08-04T21:00:00,daily,{},[],96324.33,0.0,-3675.67,96324.33,{}
2026-08-05,2026-08-05T21:00:00,daily,{},[],96324.33,0.0,-3675.67,96324.33,{}
2026-08-06,2026-08-06T21:00:00,daily,"{""ADA/USDT"":0.17141589778787814}","[{""ticker"":""ADA/USDT"",""qty_delta"":81659.3569738044,""price"":0.2022,""cost_usd"":8.255760990051625,""notes"":""target_w=0.1714""}]",96316.08,-8.26,-3683.92,79804.56,"{""ADA/USDT"":{""qty"":81659.3569738044,""avg_cost"":0.2022}}"
2026-08-07,2026-08-07T21:00:00,daily,"{""ADA/USDT"":0.17278379987325768}","[{""ticker"":""ADA/USDT"",""qty_delta"":1051.7200272989721,""price"":0.201,""cost_usd"":0.10569786274354671,""notes"":""target_w=0.1728""}]",96217.98,-98.1,-3782.02,79593.05,"{""ADA/USDT"":{""qty"":82711.07700110337,""avg_cost"":0.20218474129368744}}"
2026-08-08,2026-08-08T21:00:00,daily,"{""ADA/USDT"":0.17399044069375189}","[{""ticker"":""ADA/USDT"",""qty_delta"":783.8042101280589,""price"":0.2004,""cost_usd"":0.07853718185483151,""notes"":""target_w=0.1740""}]",96168.27,-49.71,-3831.73,79435.9,"{""ADA/USDT"":{""qty"":83494.88121123143,""avg_cost"":0.20216798712002207}}"
2026-08-09,2026-08-09T21:00:00,daily,"{""ADA/USDT"":0.1748762677988235}","[{""ticker"":""ADA/USDT"",""qty_delta"":1336.1889820258511,""price"":0.1978,""cost_usd"":0.13214909032235667,""notes"":""target_w=0.1749""}]",95951.06,-217.22,-4048.94,79171.47,"{""ADA/USDT"":{""qty"":84831.07019325728,""avg_cost"":0.20209918619307268}}"
2026-08-10,2026-08-10T21:00:00,daily,"{""ADA/USDT"":0.17810301779107707}","[{""ticker"":""ADA/USDT"",""qty_delta"":2998.9908300433162,""price"":0.1939,""cost_usd"":0.29075216097269946,""notes"":""target_w=0.1781""}]",95619.92,-331.13,-4380.08,78589.68,"{""ADA/USDT"":{""qty"":87830.0610233006,""avg_cost"":0.20181922186286097}}"
2026-08-11,2026-08-11T21:00:00,daily,"{""BNB/USDT"":0.2232124860982631,""ADA/USDT"":0.08835589459148326}","[{""ticker"":""ADA/USDT"",""qty_delta"":-42717.08895012878,""price"":0.1859,""cost_usd"":3.970553417914471,""notes"":""target_w=0.0884""},{""ticker"":""BNB/USDT"",""qty_delta"":34.634107948728655,""price"":611.73,""cost_usd"":10.593361427737891,""notes"":""target_w=0.2232""}]",94902.72,-717.2,-5097.28,65329.5,"{""ADA/USDT"":{""qty"":45112.97207317182,""avg_cost"":0.20181922186286097},""BNB/USDT"":{""qty"":34.634107948728655,""avg_cost"":611.73}}"
2026-08-12,2026-08-12T21:00:00,daily,"{""BNB/USDT"":0.21906346007800484,""ADA/USDT"":0.0883040253128902}","[{""ticker"":""ADA/USDT"",""qty_delta"":540.8850695193978,""price"":0.1832,""cost_usd"":0.04954507236797684,""notes"":""target_w=0.0883""},{""ticker"":""BNB/USDT"",""qty_delta"":-0.6113622945427295,""price"":609.85,""cost_usd"":0.1864196476634418,""notes"":""target_w=0.2191""}]",94715.57,-187.15,-5284.43,65603.01,"{""ADA/USDT"":{""qty"":45653.85714269122,""avg_cost"":0.20159863022522095},""BNB/USDT"":{""qty"":34.022745654185925,""avg_cost"":611.73}}"
2026-08-13,2026-08-13T21:00:00,daily,"{""ADA/USDT"":0.09069872416755986,""LINK/USDT"":0.137026063932312}","[{""ticker"":""ADA/USDT"",""qty_delta"":-8730.139874444809,""price"":0.1815,""cost_usd"":0.7922601936058663,""notes"":""target_w=0.0907""},{""ticker"":""LINK/USDT"",""qty_delta"":1147.0198253910116,""price"":8.827,""cost_usd"":5.062371999363229,""notes"":""target_w=0.1370""}]",73883.33,-20832.24,-26116.67,57056.93,"{""ADA/USDT"":{""qty"":36923.71726824641,""avg_cost"":0.20159863022522095},""BNB/USDT"":{""qty"":34.022745654185925,""avg_cost"":611.73},""LINK/USDT"":{""qty"":1147.0198253910116,""avg_cost"":8.827}}"
2026-08-14,2026-08-14T21:00:00,daily,"{""BNB/USDT"":0.14672072632889108,""ADA/USDT"":0.06064158904908705,""LINK/USDT"":0.09105248974678533}","[{""ticker"":""ADA/USDT"",""qty_delta"":-5004.230054290165,""price"":0.1798,""cost_usd"":0.4498802818806858,""notes"":""target_w=0.0606""},{""ticker"":""BNB/USDT"",""qty_delta"":-11.12423185744905,""price"":606.4,""cost_usd"":3.3728670991785523,""notes"":""target_w=0.1467""},{""ticker"":""LINK/USDT"",""qty_delta"":-188.59324820296604,""price"":8.991,""cost_usd"":0.8478209472964339,""notes"":""target_w=0.0911""}]",94635.39,20752.06,-5364.61,66393.4,"{""ADA/USDT"":{""qty"":31919.487213956243,""avg_cost"":0.20159863022522095},""BNB/USDT"":{""qty"":22.898513796736875,""avg_cost"":611.73},""LINK/USDT"":{""qty"":958.4265771880456,""avg_cost"":8.827}}"
2026-08-15,2026-08-15T21:00:00,daily,"{""BNB/USDT"":0.14943557766137464,""ADA/USDT"":0.061157560172557496,""LINK/USDT"":0.08524857998311115}","[{""ticker"":""ADA/USDT"",""qty_delta"":778.7554975778148,""price"":0.1782,""cost_usd"":0.06938711483418329,""notes"":""target_w=0.0612""},{""ticker"":""BNB/USDT"",""qty_delta"":0.38375521633689047,""price"":611.52,""cost_usd"":0.11733699494716762,""notes"":""target_w=0.1494""},{""ticker"":""LINK/USDT"",""qty_delta"":-111.49074394724619,""price"":9.59,""cost_usd"":0.5345981172270454,""notes"":""target_w=0.0852""}]",95274.94,639.55,-4725.06,67088.42,"{""ADA/USDT"":{""qty"":32698.242711534058,""avg_cost"":0.20104135832273876},""BNB/USDT"":{""qty"":23.282269013073766,""avg_cost"":611.7265386279411},""LINK/USDT"":{""qty"":846.9358332407994,""avg_cost"":8.827}}"
2026-08-16,2026-08-16T21:00:00,daily,"{""BNB/USDT"":0.1497892492799588,""ADA/USDT"":0.06147044503111371,""LINK/USDT"":0.08801527105286625}","[{""ticker"":""ADA/USDT"",""qty_delta"":68.85204883092229,""price"":0.1783,""cost_usd"":0.006138160153276721,""notes"":""target_w=0.0615""},{""ticker"":""BNB/USDT"",""qty_delta"":0.2064473217803382,""price"":606.1,""cost_usd"":0.06256386086553149,""notes"":""target_w=0.1498""},{""ticker"":""LINK/USDT"",""qty_delta"":37.15728492896062,""price"":9.462,""cost_usd"":0.1757911149989127,""notes"":""target_w=0.0880""}]",95043.37,-231.57,-4956.63,66599.19,"{""ADA/USDT"":{""qty"":32767.09476036498,""avg_cost"":0.2009935729110271},""BNB/USDT"":{""qty"":23.488716334854104,""avg_cost"":611.6770857836872},""LINK/USDT"":{""qty"":884.09311816976,""avg_cost"":8.853688224854341}}"
2026-08-17,2026-08-17T21:00:00,daily,"{""BNB/USDT"":0.16014818342738701,""ADA/USDT"":0.061613825490584063,""LINK/USDT"":0.08796703409916318}","[{""ticker"":""ADA/USDT"",""qty_delta"":897.0918831028575,""price"":0.1737,""cost_usd"":0.07791243004748317,""notes"":""target_w=0.0616""},{""ticker"":""BNB/USDT"",""qty_delta"":1.6234491395983284,""price"":605.24,""cost_usd"":0.49128817862524615,""notes"":""target_w=0.1601""},{""ticker"":""LINK/USDT"",""qty_delta"":-5.208563982698706,""price"":9.499,""cost_usd"":0.024738074635827507,""notes"":""target_w=0.0880""}]",94904.55,-138.81,-5095.45,65509.67,"{""ADA/USDT"":{""qty"":33664.18664346784,""avg_cost"":0.20026624677721394},""BNB/USDT"":{""qty"":25.112165474452432,""avg_cost"":611.2609416089573},""LINK/USDT"":{""qty"":878.8845541870613,""avg_cost"":8.853688224854341}}"
2026-08-18,2026-08-18T21:00:00,daily,"{""BNB/USDT"":0.1600281098788686,""ADA/USDT"":0.061672414351985456,""LINK/USDT"":0.08793842183547088}","[{""ticker"":""ADA/USDT"",""qty_delta"":69.1788816627377,""price"":0.1734,""cost_usd"":0.005997809040159358,""notes"":""target_w=0.0617""},{""ticker"":""BNB/USDT"",""qty_delta"":0.05486431702428263,""price"":603.09,""cost_usd"":0.016544060477087306,""notes"":""target_w=0.1600""},{""ticker"":""LINK/USDT"",""qty_delta"":-1.3901390651089969,""price"":9.505,""cost_usd"":0.006606635906930509,""notes"":""target_w=0.0879""}]",94845.71,-58.85,-5154.29,65477.77,"{""ADA/USDT"":{""qty"":33733.365525130575,""avg_cost"":0.20021115067643686},""BNB/USDT"":{""qty"":25.167029791476715,""avg_cost"":611.2431288938878},""LINK/USDT"":{""qty"":877.4944151219523,""avg_cost"":8.853688224854341}}"
2026-08-19,2026-08-19T21:00:00,daily,"{""BTC/USDT"":0.0770297120707632,""ETH/USDT"":0.05276791389469864,""BNB/USDT"":0.09459986990289414,""ADA/USDT"":0.03668255738451589,""LINK/USDT"":0.05036187378123889}","[{""ticker"":""ADA/USDT"",""qty_delta"":-14298.682700506968,""price"":0.1812,""cost_usd"":1.2954606526659314,""notes"":""target_w=0.0367""},{""ticker"":""BNB/USDT"",""qty_delta"":-10.446969924202444,""price"":616.96,""cost_usd"":3.22268128221797,""notes"":""target_w=0.0946""},{""ticker"":""BTC/USDT"",""qty_delta"":0.10800570039447906,""price"":68468.0,""cost_usd"":3.697467147304596,""notes"":""target_w=0.0770""},{""ticker"":""ETH/USDT"",""qty_delta"":2.407894146195599,""price"":2103.82,""cost_usd"":2.5328879313246127,""notes"":""target_w=0.0528""},{""ticker"":""LINK/USDT"",""qty_delta"":-399.936784494361,""price"":10.124,""cost_usd"":2.0244800031104555,""notes"":""target_w=0.0504""}]",95988.29,1142.58,-4011.71,66089.53,"{""ADA/USDT"":{""qty"":19434.682824623607,""avg_cost"":0.20021115067643686},""BNB/USDT"":{""qty"":14.720059867274271,""avg_cost"":611.2431288938878},""LINK/USDT"":{""qty"":477.5576306275913,""avg_cost"":8.853688224854341},""BTC/USDT"":{""qty"":0.10800570039447906,""avg_cost"":68468.0},""ETH/USDT"":{""qty"":2.407894146195599,""avg_cost"":2103.82}}"
2026-08-20,2026-08-20T21:00:00,daily,"{""BTC/USDT"":0.03870206861477277,""ETH/USDT"":0.023094439280316334,""BNB/USDT"":0.047829234682668274,""XRP/USDT"":0.026272941220719957,""ADA/USDT"":0.019966144579475015,""SOL/USDT"":0.027630353735849544,""DOGE/USDT"":0.031019135210917394,""AVAX/USDT"":0.025151460792139663,""LINK/USDT"":0.025864607499149622}","[{""ticker"":""ADA/USDT"",""qty_delta"":-9386.99453543344,""price"":0.1947,""cost_usd"":0.9138239180244455,""notes"":""target_w=0.0200""},{""ticker"":""AVAX/USDT"",""qty_delta"":345.1943869528495,""price"":7.139,""cost_usd"":1.2321713642281964,""notes"":""target_w=0.0252""},{""ticker"":""BNB/USDT"",""qty_delta"":-7.51389465849315,""price"":650.32,""cost_usd"":2.443217987155633,""notes"":""target_w=0.0478""},{""ticker"":""BTC/USDT"",""qty_delta"":-0.05581697642368892,""price"":72660.0,""cost_usd"":2.0278307534726183,""notes"":""target_w=0.0387""},{""ticker"":""DOGE/USDT"",""qty_delta"":38152.87565379712,""price"":0.07966,""cost_usd"":1.5196290372907393,""notes"":""target_w=0.0310""},{""ticker"":""ETH/USDT"",""qty_delta"":-1.4343891478379713,""price"":2324.38,""cost_usd"":1.667032723725812,""notes"":""target_w=0.0231""},{""ticker"":""LINK/USDT"",""qty_delta"":-239.75928995657122,""price"":10.657,""cost_usd"":1.27755737653359,""notes"":""target_w=0.0259""},{""ticker"":""SOL/USDT"",""qty_delta"":31.028365791835636,""price"":87.25,""cost_usd"":1.3536124576688295,""notes"":""target_w=0.0276""},{""ticker"":""XRP/USDT"",""qty_delta"":2086.5895248295274,""price"":1.2337,""cost_usd"":1.2871127483910938,""notes"":""target_w=0.0263""}]",97966.38,1978.09,-2033.62,71949.69,"{""ADA/USDT"":{""qty"":10047.688289190168,""avg_cost"":0.20021115067643686},""BNB/USDT"":{""qty"":7.206165208781121,""avg_cost"":611.2431288938878},""LINK/USDT"":{""qty"":237.7983406710201,""avg_cost"":8.853688224854341},""BTC/USDT"":{""qty"":0.052188723970790135,""avg_cost"":68468.0},""ETH/USDT"":{""qty"":0.9735049983576276,""avg_cost"":2103.82},""AVAX/USDT"":{""qty"":345.1943869528495,""avg_cost"":7.139},""DOGE/USDT"":{""qty"":38152.87565379712,""avg_cost"":0.07966},""SOL/USDT"":{""qty"":31.028365791835636,""avg_cost"":87.25},""XRP/USDT"":{""qty"":2086.5895248295274,""avg_cost"":1.2337}}"
2026-08-21,2026-08-21T21:00:00,daily,"{""BTC/USDT"":0.023162157509488544,""ETH/USDT"":0.014720583835669385,""BNB/USDT"":0.02955054379280219,""XRP/USDT"":0.01463162344189923,""ADA/USDT"":0.012131509390288274,""SOL/USDT"":0.017529491107847694,""DOGE/USDT"":0.018638681989219336,""AVAX/USDT"":0.015604878947873832,""DOT/USDT"":0.016633964015331383,""LINK/USDT"":0.015418812454549048,""LTC/USDT"":0.021118248440504195,""BCH/USDT"":0.010934828150155325,""ETC/USDT"":0.018283145695257887,""ALGO/USDT"":0.015125511960501437}","[{""ticker"":""ADA/USDT"",""qty_delta"":-4456.111413079786,""price"":0.2161,""cost_usd"":0.48148283818327087,""notes"":""target_w=0.0121""},{""ticker"":""ALGO/USDT"",""qty_delta"":16130.11395162367,""price"":0.0934,""cost_usd"":0.7532763215408254,""notes"":""target_w=0.0151""},{""ticker"":""AVAX/USDT"",""qty_delta"":-138.9718538488407,""price"":7.537,""cost_usd"":0.5237154312293563,""notes"":""target_w=0.0156""},{""ticker"":""BCH/USDT"",""qty_delta"":3.8594834333337733,""price"":282.2,""cost_usd"":0.5445731124433955,""notes"":""target_w=0.0109""},{""ticker"":""BNB/USDT"",""qty_delta"":-2.8247679160088,""price"":671.78,""cost_usd"":0.9488112953081957,""notes"":""target_w=0.0296""},{""ticker"":""BTC/USDT"",""qty_delta"":-0.02219223477634385,""price"":76910.0,""cost_usd"":0.8534023883243027,""notes"":""target_w=0.0232""},{""ticker"":""DOGE/USDT"",""qty_delta"":-16268.207788681648,""price"":0.08483,""cost_usd"":0.6900160333569321,""notes"":""target_w=0.0186""},{""ticker"":""DOT/USDT"",""qty_delta"":1859.4832984581446,""price"":0.891,""cost_usd"":0.8283998094631034,""notes"":""target_w=0.0166""},{""ticker"":""ETC/USDT"",""qty_delta"":240.88144788428986,""price"":7.56,""cost_usd"":0.9105318730026156,""notes"":""target_w=0.0183""},{""ticker"":""ETH/USDT"",""qty_delta"":-0.36530910282747553,""price"":2410.77,""cost_usd"":0.4403381129116966,""notes"":""target_w=0.0147""},{""ticker"":""LINK/USDT"",""qty_delta"":-106.04075883549092,""price"":11.656,""cost_usd"":0.6180055424932411,""notes"":""target_w=0.0154""},{""ticker"":""LTC/USDT"",""qty_delta"":40.835753464741174,""price"":51.51,""cost_usd"":1.051724830484409,""notes"":""target_w=0.0211""},{""ticker"":""SOL/USDT"",""qty_delta"":-11.771751967430337,""price"":90.67,""cost_usd"":0.5336723754434544,""notes"":""target_w=0.0175""},{""ticker"":""XRP/USDT"",""qty_delta"":-1022.3572624820727,""price"":1.3694,""cost_usd"":0.7000080176214751,""notes"":""target_w=0.0146""}]",99593.54,1627.16,-406.46,75341.7,"{""ADA/USDT"":{""qty"":5591.576876110382,""avg_cost"":0.20021115067643686},""BNB/USDT"":{""qty"":4.381397292772321,""avg_cost"":611.2431288938878},""LINK/USDT"":{""qty"":131.75758183552918,""avg_cost"":8.853688224854341},""BTC/USDT"":{""qty"":0.029996489194446287,""avg_cost"":68468.0},""ETH/USDT"":{""qty"":0.6081958955301521,""avg_cost"":2103.82},""AVAX/USDT"":{""qty"":206.22253310400882,""avg_cost"":7.139},""DOGE/USDT"":{""qty"":21884.667865115473,""avg_cost"":0.07966},""SOL/USDT"":{""qty"":19.2566138244053,""avg_cost"":87.25},""XRP/USDT"":{""qty"":1064.2322623474547,""avg_cost"":1.2337},""ALGO/USDT"":{""qty"":16130.11395162367,""avg_cost"":0.0934},""BCH/USDT"":{""qty"":3.8594834333337733,""avg_cost"":282.2},""DOT/USDT"":{""qty"":1859.4832984581446,""avg_cost"":0.891},""ETC/USDT"":{""qty"":240.88144788428986,""avg_cost"":7.56},""LTC/USDT"":{""qty"":40.835753464741174,""avg_cost"":51.51}}"
2026-08-22,2026-08-22T21:00:00,daily,"{""BTC/USDT"":0.022185382841025062,""ETH/USDT"":0.014175170933633427,""BNB/USDT"":0.02824319633476345,""XRP/USDT"":0.012993476358368327,""ADA/USDT"":0.011322745355833922,""SOL/USDT"":0.017097234588769696,""DOGE/USDT"":0.01569769792810709,""AVAX/USDT"":0.014958114336612,""DOT/USDT"":0.015222227223558727,""LINK/USDT"":0.01464465482474764,""LTC/USDT"":0.020001735472842126,""BCH/USDT"":0.010150454081879458,""ETC/USDT"":0.013078701547145641,""ALGO/USDT"":0.01437752497602828}","[{""ticker"":""ADA/USDT"",""qty_delta"":-671.2202013264341,""price"":0.2313,""cost_usd"":0.0776266162834021,""notes"":""target_w=0.0113""},{""ticker"":""ALGO/USDT"",""qty_delta"":-707.2503397474775,""price"":0.0937,""cost_usd"":0.03313467841716932,""notes"":""target_w=0.0144""},{""ticker"":""AVAX/USDT"",""qty_delta"":-7.664838610919787,""price"":7.572,""cost_usd"":0.029019078980942314,""notes"":""target_w=0.0150""},{""ticker"":""BCH/USDT"",""qty_delta"":-0.22353025143395433,""price"":280.6,""cost_usd"":0.031361294276183796,""notes"":""target_w=0.0102""},{""ticker"":""BNB/USDT"",""qty_delta"":-0.32069422677712023,""price"":699.09,""cost_usd"":0.11209706349880849,""notes"":""target_w=0.0282""},{""ticker"":""BTC/USDT"",""qty_delta"":-0.0011930692968950794,""price"":77418.25,""cost_usd"":0.04618266854717374,""notes"":""target_w=0.0222""},{""ticker"":""DOGE/USDT"",""qty_delta"":-5047.443156572128,""price"":0.09371,""cost_usd"":0.23649794910118707,""notes"":""target_w=0.0157""},{""ticker"":""DOT/USDT"",""qty_delta"":-221.34032855450187,""price"":0.934,""cost_usd"":0.10336593343495239,""notes"":""target_w=0.0152""},{""ticker"":""ETC/USDT"",""qty_delta"":-75.73393414434582,""price"":7.96,""cost_usd"":0.30142105789449636,""notes"":""target_w=0.0131""},{""ticker"":""ETH/USDT"",""qty_delta"":-0.024519530495035413,""price"":2441.05,""cost_usd"":0.0299266999574531,""notes"":""target_w=0.0142""},{""ticker"":""LINK/USDT"",""qty_delta"":-6.547286303651333,""price"":11.756,""cost_usd"":0.03848494889286253,""notes"":""target_w=0.0146""},{""ticker"":""LTC/USDT"",""qty_delta"":-3.130834059704135,""price"":53.32,""cost_usd"":0.08346803603171225,""notes"":""target_w=0.0200""},{""ticker"":""SOL/USDT"",""qty_delta"":-1.0792562339116891,""price"":94.54,""cost_usd"":0.05101644217700555,""notes"":""target_w=0.0171""},{""ticker"":""XRP/USDT"",""qty_delta"":-195.52931926356882,""price"":1.5034,""cost_usd"":0.14697938929042467,""notes"":""target_w=0.0130""}]",100511.27,917.74,511.27,77981.54,"{""ADA/USDT"":{""qty"":4920.356674783948,""avg_cost"":0.20021115067643686},""BNB/USDT"":{""qty"":4.060703065995201,""avg_cost"":611.2431288938878},""LINK/USDT"":{""qty"":125.21029553187785,""avg_cost"":8.853688224854341},""BTC/USDT"":{""qty"":0.028803419897551207,""avg_cost"":68468.0},""ETH/USDT"":{""qty"":0.5836763650351167,""avg_cost"":2103.82},""AVAX/USDT"":{""qty"":198.55769449308903,""avg_cost"":7.139},""DOGE/USDT"":{""qty"":16837.224708543345,""avg_cost"":0.07966},""SOL/USDT"":{""qty"":18.17735759049361,""avg_cost"":87.25},""XRP/USDT"":{""qty"":868.7029430838859,""avg_cost"":1.2337},""ALGO/USDT"":{""qty"":15422.863611876193,""avg_cost"":0.0934},""BCH/USDT"":{""qty"":3.635953181899819,""avg_cost"":282.2},""DOT/USDT"":{""qty"":1638.1429699036428,""avg_cost"":0.891},""ETC/USDT"":{""qty"":165.14751373994403,""avg_cost"":7.56},""LTC/USDT"":{""qty"":37.70491940503704,""avg_cost"":51.51}}"
2026-08-23,2026-08-23T21:00:00,daily,"{""BTC/USDT"":0.019724597910833926,""ETH/USDT"":0.012462193339800547,""BNB/USDT"":0.025432453164282096,""XRP/USDT"":0.011529189029333916,""ADA/USDT"":0.009922911983283822,""SOL/USDT"":0.015100140000046992,""DOGE/USDT"":0.014011064537942637,""AVAX/USDT"":0.012995888602341781,""DOT/USDT"":0.013344180614597112,""LINK/USDT"":0.012840005613515155,""LTC/USDT"":0.01762005767374905,""UNI/USDT"":0.009485358585619828,""BCH/USDT"":0.00885102196340143,""ATOM/USDT"":0.01534720238428495,""ETC/USDT"":0.011393471954189466,""ALGO/USDT"":0.012720132949577932}","[{""ticker"":""ADA/USDT"",""qty_delta"":-468.96161829571884,""price"":0.2236,""cost_usd"":0.052429908925461365,""notes"":""target_w=0.0099""},{""ticker"":""ALGO/USDT"",""qty_delta"":-1732.8292756222836,""price"":0.0932,""cost_usd"":0.08074984424399842,""notes"":""target_w=0.0127""},{""ticker"":""ATOM/USDT"",""qty_delta"":957.3527188764353,""price"":1.608,""cost_usd"":0.7697115859766541,""notes"":""target_w=0.0153""},{""ticker"":""AVAX/USDT"",""qty_delta"":-25.739019318438807,""price"":7.543,""cost_usd"":0.09707471135949196,""notes"":""target_w=0.0130""},{""ticker"":""BCH/USDT"",""qty_delta"":-0.3779184403326026,""price"":272.5,""cost_usd"":0.0514913874953171,""notes"":""target_w=0.0089""},{""ticker"":""BNB/USDT"",""qty_delta"":-0.4097903764568369,""price"":698.74,""cost_usd"":0.1431684638227251,""notes"":""target_w=0.0254""},{""ticker"":""BTC/USDT"",""qty_delta"":-0.0032153168123754128,""price"":77321.25,""cost_usd"":0.12430615753944119,""notes"":""target_w=0.0197""},{""ticker"":""DOGE/USDT"",""qty_delta"":-1623.975663973093,""price"":0.09238,""cost_usd"":0.07501143591891718,""notes"":""target_w=0.0140""},{""ticker"":""DOT/USDT"",""qty_delta"":-184.8235375057302,""price"":0.921,""cost_usd"":0.08511123902138876,""notes"":""target_w=0.0133""},{""ticker"":""ETC/USDT"",""qty_delta"":-20.301054416048288,""price"":7.89,""cost_usd"":0.0800876596713105,""notes"":""target_w=0.0114""},{""ticker"":""ETH/USDT"",""qty_delta"":-0.0720785107301054,""price"":2443.4,""cost_usd"":0.08805831655896978,""notes"":""target_w=0.0125""},{""ticker"":""LINK/USDT"",""qty_delta"":-13.167215947859518,""price"":11.495,""cost_usd"":0.07567857366032257,""notes"":""target_w=0.0128""},{""ticker"":""LTC/USDT"",""qty_delta"":-3.937147427221852,""price"":52.34,""cost_usd"":0.10303514817039587,""notes"":""target_w=0.0176""},{""ticker"":""SOL/USDT"",""qty_delta"":-2.2387989800603627,""price"":95.03,""cost_usd"":0.10637653353756814,""notes"":""target_w=0.0151""},{""ticker"":""UNI/USDT"",""qty_delta"":208.51249458739719,""price"":4.563,""cost_usd"":0.47572125640114665,""notes"":""target_w=0.0095""},{""ticker"":""XRP/USDT"",""qty_delta"":-96.39637158539767,""price"":1.4974,""cost_usd"":0.07217196340598725,""notes"":""target_w=0.0115""}]",100303.96,-207.32,303.96,77957.7,"{""ADA/USDT"":{""qty"":4451.395056488229,""avg_cost"":0.20021115067643686},""BNB/USDT"":{""qty"":3.6509126895383637,""avg_cost"":611.2431288938878},""LINK/USDT"":{""qty"":112.04307958401833,""avg_cost"":8.853688224854341},""BTC/USDT"":{""qty"":0.025588103085175794,""avg_cost"":68468.0},""ETH/USDT"":{""qty"":0.5115978543050113,""avg_cost"":2103.82},""AVAX/USDT"":{""qty"":172.81867517465022,""avg_cost"":7.139},""DOGE/USDT"":{""qty"":15213.249044570251,""avg_cost"":0.07966},""SOL/USDT"":{""qty"":15.938558610433248,""avg_cost"":87.25},""XRP/USDT"":{""qty"":772.3065714984882,""avg_cost"":1.2337},""ALGO/USDT"":{""qty"":13690.03433625391,""avg_cost"":0.0934},""BCH/USDT"":{""qty"":3.2580347415672164,""avg_cost"":282.2},""DOT/USDT"":{""qty"":1453.3194323979126,""avg_cost"":0.891},""ETC/USDT"":{""qty"":144.84645932389574,""avg_cost"":7.56},""LTC/USDT"":{""qty"":33.76777197781519,""avg_cost"":51.51},""ATOM/USDT"":{""qty"":957.3527188764353,""avg_cost"":1.608},""UNI/USDT"":{""qty"":208.51249458739719,""avg_cost"":4.563}}"
2026-08-24,2026-08-24T21:00:00,daily,"{""BTC/USDT"":0.01996526803546276,""ETH/USDT"":0.012634109252140958,""BNB/USDT"":0.0254926514603491,""XRP/USDT"":0.011474877652944016,""ADA/USDT"":0.009901947142570611,""SOL/USDT"":0.015106147057898145,""DOGE/USDT"":0.013684922517659376,""AVAX/USDT"":0.013114465671364185,""DOT/USDT"":0.013591289031640705,""LINK/USDT"":0.01297259882064646,""LTC/USDT"":0.017561804467791434,""UNI/USDT"":0.009364481736901058,""BCH/USDT"":0.00884344483499614,""ATOM/USDT"":0.015139003720043676,""ETC/USDT"":0.011327872745714595,""ALGO/USDT"":0.0130096586283547}","[{""ticker"":""ADA/USDT"",""qty_delta"":76.06603039802485,""price"":0.2189,""cost_usd"":0.008325427027063821,""notes"":""target_w=0.0099""},{""ticker"":""ALGO/USDT"",""qty_delta"":478.6744318234778,""price"":0.0919,""cost_usd"":0.021995090142288804,""notes"":""target_w=0.0130""},{""ticker"":""ATOM/USDT"",""qty_delta"":29.764664557900687,""price"":1.535,""cost_usd"":0.022844380048188777,""notes"":""target_w=0.0151""},{""ticker"":""AVAX/USDT"",""qty_delta"":1.3809547833140243,""price"":7.535,""cost_usd"":0.005202747146135587,""notes"":""target_w=0.0131""},{""ticker"":""BCH/USDT"",""qty_delta"":0.020181450322330097,""price"":270.0,""cost_usd"":0.002724495793514563,""notes"":""target_w=0.0088""},{""ticker"":""BNB/USDT"",""qty_delta"":-0.018631383388628464,""price"":702.45,""cost_usd"":0.006543807630671033,""notes"":""target_w=0.0255""},{""ticker"":""BTC/USDT"",""qty_delta"":-0.00020803584027155944,""price"":78733.99,""cost_usd"":0.00818974588379128,""notes"":""target_w=0.0200""},{""ticker"":""DOGE/USDT"",""qty_delta"":155.80186366147245,""price"":0.08912,""cost_usd"":0.006942531044755213,""notes"":""target_w=0.0137""},{""ticker"":""DOT/USDT"",""qty_delta"":49.79468306038757,""price"":0.905,""cost_usd"":0.02253209408482538,""notes"":""target_w=0.0136""},{""ticker"":""ETC/USDT"",""qty_delta"":1.6365606675641118,""price"":7.74,""cost_usd"":0.006333489783473113,""notes"":""target_w=0.0113""},{""ticker"":""ETH/USDT"",""qty_delta"":0.00013047953608524843,""price"":2471.07,""cost_usd"":0.00016121203361708743,""notes"":""target_w=0.0126""},{""ticker"":""LINK/USDT"",""qty_delta"":0.3428904599700786,""price"":11.553,""cost_usd"":0.001980706742017159,""notes"":""target_w=0.0130""},{""ticker"":""LTC/USDT"",""qty_delta"":0.2965163403264057,""price"":51.6,""cost_usd"":0.007650121580421268,""notes"":""target_w=0.0176""},{""ticker"":""SOL/USDT"",""qty_delta"":-0.2773130948293989,""price"":96.54,""cost_usd"":0.013385903087415088,""notes"":""target_w=0.0151""},{""ticker"":""UNI/USDT"",""qty_delta"":10.936734597527249,""price"":4.271,""cost_usd"":0.02335539673301944,""notes"":""target_w=0.0094""},{""ticker"":""XRP/USDT"",""qty_delta"":2.9157908576090676,""price"":1.4815,""cost_usd"":0.0021598720777739173,""notes"":""target_w=0.0115""}]",100087.35,-216.61,87.35,77749.36,"{""ADA/USDT"":{""qty"":4527.461086886254,""avg_cost"":0.20052514268066807},""BNB/USDT"":{""qty"":3.632281306149735,""avg_cost"":611.2431288938878},""LINK/USDT"":{""qty"":112.38597004398841,""avg_cost"":8.861923845864865},""BTC/USDT"":{""qty"":0.025380067244904235,""avg_cost"":68468.0},""ETH/USDT"":{""qty"":0.5117283338410965,""avg_cost"":2103.913640720004},""AVAX/USDT"":{""qty"":174.19962995796425,""avg_cost"":7.142139260940591},""DOGE/USDT"":{""qty"":15369.050908231724,""avg_cost"":0.07975589958671085},""SOL/USDT"":{""qty"":15.661245515603849,""avg_cost"":87.25},""XRP/USDT"":{""qty"":775.2223623560973,""avg_cost"":1.2346320331940883},""ALGO/USDT"":{""qty"":14168.708768077388,""avg_cost"":0.09334932412970808},""BCH/USDT"":{""qty"":3.2782161918895465,""avg_cost"":282.12489400347005},""DOT/USDT"":{""qty"":1503.1141154583001,""avg_cost"":0.891463787516647},""ETC/USDT"":{""qty"":146.48301999145986,""avg_cost"":7.562011024350664},""LTC/USDT"":{""qty"":34.06428831814159,""avg_cost"":51.510783414888344},""ATOM/USDT"":{""qty"":987.117383434336,""avg_cost"":1.6057988225623512},""UNI/USDT"":{""qty"":219.44922918492443,""avg_cost"":4.548447538301505}}"
2026-08-25,2026-08-25T21:00:00,daily,"{""BTC/USDT"":0.01992580876229498,""ETH/USDT"":0.012610157654177188,""BNB/USDT"":0.02543488315342222,""XRP/USDT"":0.01146058165072859,""ADA/USDT"":0.009895311567245567,""SOL/USDT"":0.015478274890638112,""DOGE/USDT"":0.013731758728741016,""AVAX/USDT"":0.01357151524097523,""DOT/USDT"":0.013444274355321167,""LINK/USDT"":0.012920069098596184,""LTC/USDT"":0.017581704407053703,""UNI/USDT"":0.009446479402435282,""BCH/USDT"":0.008840257012346234,""ATOM/USDT"":0.014993301283133347,""ETC/USDT"":0.011407719717734473,""ALGO/USDT"":0.01303418037167725}","[{""ticker"":""ADA/USDT"",""qty_delta"":87.41262483281298,""price"":0.2143,""cost_usd"":0.00936626275083591,""notes"":""target_w=0.0099""},{""ticker"":""ALGO/USDT"",""qty_delta"":257.37650829258746,""price"":0.0903,""cost_usd"":0.011620549349410326,""notes"":""target_w=0.0130""},{""ticker"":""ATOM/USDT"",""qty_delta"":-17.230015426940213,""price"":1.545,""cost_usd"":0.013310186917311314,""notes"":""target_w=0.0150""},{""ticker"":""AVAX/USDT"",""qty_delta"":7.693675160104817,""price"":7.457,""cost_usd"":0.02868586783445081,""notes"":""target_w=0.0136""},{""ticker"":""BCH/USDT"",""qty_delta"":0.03333585356208735,""price"":266.8,""cost_usd"":0.004447002865182452,""notes"":""target_w=0.0088""},{""ticker"":""BNB/USDT"",""qty_delta"":0.008513483582595516,""price"":698.21,""cost_usd"":0.002972099686102008,""notes"":""target_w=0.0254""},{""ticker"":""BTC/USDT"",""qty_delta"":-0.00016103963414722602,""price"":78966.0,""cost_usd"":0.006358327875034926,""notes"":""target_w=0.0199""},{""ticker"":""DOGE/USDT"",""qty_delta"":217.47488646554484,""price"":0.08805,""cost_usd"":0.009574331876645612,""notes"":""target_w=0.0137""},{""ticker"":""DOT/USDT"",""qty_delta"":32.4990690133975,""price"":0.875,""cost_usd"":0.014218342693361408,""notes"":""target_w=0.0134""},{""ticker"":""ETC/USDT"",""qty_delta"":0.4399300036156433,""price"":7.76,""cost_usd"":0.0017069284140286958,""notes"":""target_w=0.0114""},{""ticker"":""ETH/USDT"",""qty_delta"":-0.00012980957144181904,""price"":2463.45,""cost_usd"":0.00015988969438417456,""notes"":""target_w=0.0126""},{""ticker"":""LINK/USDT"",""qty_delta"":0.3592385378215255,""price"":11.453,""cost_usd"":0.0020571794868349657,""notes"":""target_w=0.0129""},{""ticker"":""LTC/USDT"",""qty_delta"":0.4984347093424759,""price"":50.84,""cost_usd"":0.01267021031148574,""notes"":""target_w=0.0176""},{""ticker"":""SOL/USDT"",""qty_delta"":0.13842475443895275,""price"":97.91,""cost_usd"":0.006776583853558932,""notes"":""target_w=0.0155""},{""ticker"":""UNI/USDT"",""qty_delta"":-0.5505996460060487,""price"":4.313,""cost_usd"":0.001187368136612044,""notes"":""target_w=0.0094""},{""ticker"":""XRP/USDT"",""qty_delta"":3.4351997106565477,""price"":1.471,""cost_usd"":0.002526589387187891,""notes"":""target_w=0.0115""}]",99942.9,-144.45,-57.1,77578.02,"{""ADA/USDT"":{""qty"":4614.873711719067,""avg_cost"":0.20078605912393338},""BNB/USDT"":{""qty"":3.6407947897323307,""avg_cost"":611.446488619484},""LINK/USDT"":{""qty"":112.74520858180993,""avg_cost"":8.87017975687611},""BTC/USDT"":{""qty"":0.02521902761075701,""avg_cost"":68468.0},""ETH/USDT"":{""qty"":0.5115985242696547,""avg_cost"":2103.913640720004},""AVAX/USDT"":{""qty"":181.89330511806907,""avg_cost"":7.155457157635147},""DOGE/USDT"":{""qty"":15586.525794697269,""avg_cost"":0.07987162509023053},""SOL/USDT"":{""qty"":15.799670270042801,""avg_cost"":87.343394853},""XRP/USDT"":{""qty"":778.6575620667538,""avg_cost"":1.2356748165827514},""ALGO/USDT"":{""qty"":14426.085276369975,""avg_cost"":0.09329492098553409},""BCH/USDT"":{""qty"":3.311552045451634,""avg_cost"":281.9706254262765},""DOT/USDT"":{""qty"":1535.6131844716977,""avg_cost"":0.8911153548695872},""ETC/USDT"":{""qty"":146.9229499950755,""avg_cost"":7.562603860873319},""LTC/USDT"":{""qty"":34.56272302748407,""avg_cost"":51.5011099370155},""ATOM/USDT"":{""qty"":969.8873680073958,""avg_cost"":1.6057988225623512},""UNI/USDT"":{""qty"":218.89862953891839,""avg_cost"":4.548447538301505}}"
2026-08-26,2026-08-26T21:00:00,daily,"{""BTC/USDT"":0.01989202377046342,""ETH/USDT"":0.012585161175394627,""BNB/USDT"":0.02572063045584661,""XRP/USDT"":0.011192296276179715,""ADA/USDT"":0.009786129392434673,""SOL/USDT"":0.015481667526475042,""DOGE/USDT"":0.01349133120302265,""AVAX/USDT"":0.01359039710956864,""DOT/USDT"":0.013392080195910655,""LINK/USDT"":0.01284270696488497,""LTC/USDT"":0.017300175339466317,""UNI/USDT"":0.009447839125015145,""BCH/USDT"":0.008830374581468929,""ATOM/USDT"":0.0149836929190213,""ETC/USDT"":0.011433565980846081,""ALGO/USDT"":0.013074052179068249}","[{""ticker"":""ADA/USDT"",""qty_delta"":111.93975292174127,""price"":0.206,""cost_usd"":0.011529794550939351,""notes"":""target_w=0.0098""},{""ticker"":""ALGO/USDT"",""qty_delta"":390.2374323411932,""price"":0.0878,""cost_usd"":0.01713142327977838,""notes"":""target_w=0.0131""},{""ticker"":""ATOM/USDT"",""qty_delta"":27.358858946905457,""price"":1.495,""cost_usd"":0.020450747062811834,""notes"":""target_w=0.0150""},{""ticker"":""AVAX/USDT"",""qty_delta"":4.495344032673643,""price"":7.255,""cost_usd"":0.01630686047852364,""notes"":""target_w=0.0136""},{""ticker"":""BCH/USDT"",""qty_delta"":0.03431851337715264,""price"":262.6,""cost_usd"":0.004506020806420142,""notes"":""target_w=0.0088""},{""ticker"":""BNB/USDT"",""qty_delta"":0.016947364120464492,""price"":699.67,""cost_usd"":0.005928781127082695,""notes"":""target_w=0.0257""},{""ticker"":""DOGE/USDT"",""qty_delta"":210.04462705231526,""price"":0.08498,""cost_usd"":0.008924796203452875,""notes"":""target_w=0.0135""},{""ticker"":""DOT/USDT"",""qty_delta"":48.830384750223175,""price"":0.841,""cost_usd"":0.020533176787468844,""notes"":""target_w=0.0134""},{""ticker"":""ETC/USDT"",""qty_delta"":1.5945613621002508,""price"":7.66,""cost_usd"":0.006107170016843961,""notes"":""target_w=0.0114""},{""ticker"":""ETH/USDT"",""qty_delta"":-0.00506031869069079,""price"":2472.13,""cost_usd"":0.006254882822408712,""notes"":""target_w=0.0126""},{""ticker"":""LINK/USDT"",""qty_delta"":0.49958028426885903,""price"":11.284,""cost_usd"":0.002818631963844903,""notes"":""target_w=0.0128""},{""ticker"":""LTC/USDT"",""qty_delta"":-0.045498528504346325,""price"":49.87,""cost_usd"":0.0011345058082558757,""notes"":""target_w=0.0173""},{""ticker"":""SOL/USDT"",""qty_delta"":0.08925980704159464,""price"":96.95,""cost_usd"":0.004326869146341301,""notes"":""target_w=0.0155""},{""ticker"":""UNI/USDT"",""qty_delta"":1.359937526131489,""price"":4.268,""cost_usd"":0.0029021066807645977,""notes"":""target_w=0.0094""},{""ticker"":""XRP/USDT"",""qty_delta"":30.966363910289033,""price"":1.3755,""cost_usd"":0.02129711677930128,""notes"":""target_w=0.0112""}]",99500.23,-442.68,-499.77,77307.13,"{""ADA/USDT"":{""qty"":4726.813464640808,""avg_cost"":0.2009095349618909},""BNB/USDT"":{""qty"":3.657742153852795,""avg_cost"":611.8552533460452},""LINK/USDT"":{""qty"":113.24478886607879,""avg_cost"":8.880828344023548},""BTC/USDT"":{""qty"":0.02521902761075701,""avg_cost"":68468.0},""ETH/USDT"":{""qty"":0.5065382055789639,""avg_cost"":2103.913640720004},""AVAX/USDT"":{""qty"":186.3886491507427,""avg_cost"":7.157857943973044},""DOGE/USDT"":{""qty"":15796.570421749584,""avg_cost"":0.07993955038503303},""SOL/USDT"":{""qty"":15.888930077084396,""avg_cost"":87.39736222006539},""XRP/USDT"":{""qty"":809.6239259770429,""avg_cost"":1.2410228273993735},""ALGO/USDT"":{""qty"":14816.322708711168,""avg_cost"":0.09315019385597097},""BCH/USDT"":{""qty"":3.3458705588287865,""avg_cost"":281.77194138990177},""DOT/USDT"":{""qty"":1584.4435692219208,""avg_cost"":0.8895708681439554},""ETC/USDT"":{""qty"":148.51751135717575,""avg_cost"":7.563649556554925},""LTC/USDT"":{""qty"":34.51722449897972,""avg_cost"":51.5011099370155},""ATOM/USDT"":{""qty"":997.2462269543013,""avg_cost"":1.6027591225604525},""UNI/USDT"":{""qty"":220.25856706504987,""avg_cost"":4.546715977361427}}"
2026-08-27,2026-08-27T21:00:00,daily,"{""BTC/USDT"":0.024558966959892323,""ETH/USDT"":0.01544201049107684,""BNB/USDT"":0.0316819884973666,""XRP/USDT"":0.01394820884852839,""ADA/USDT"":0.012088727207026306,""SOL/USDT"":0.01767841737364937,""DOGE/USDT"":0.016624500782216806,""AVAX/USDT"":0.016724080442797617,""LINK/USDT"":0.01574847139960695,""LTC/USDT"":0.02121646520506042,""ATOM/USDT"":0.018500914157379717,""ETC/USDT"":0.014005041625969007,""ALGO/USDT"":0.01614707390841211}","[{""ticker"":""ADA/USDT"",""qty_delta"":759.2896467198143,""price"":0.2137,""cost_usd"":0.08113009875201216,""notes"":""target_w=0.0121""},{""ticker"":""ALGO/USDT"",""qty_delta"":2468.0469557936867,""price"":0.0906,""cost_usd"":0.111802527097454,""notes"":""target_w=0.0161""},{""ticker"":""ATOM/USDT"",""qty_delta"":180.07813737602316,""price"":1.524,""cost_usd"":0.13721954068052966,""notes"":""target_w=0.0185""},{""ticker"":""AVAX/USDT"",""qty_delta"":30.272147499534015,""price"":7.486,""cost_usd"":0.11330864809075582,""notes"":""target_w=0.0167""},{""ticker"":""BNB/USDT"",""qty_delta"":0.6707213088589405,""price"":709.85,""cost_usd"":0.23805576054675948,""notes"":""target_w=0.0317""},{""ticker"":""BTC/USDT"",""qty_delta"":0.004588746002623288,""price"":79903.99,""cost_usd"":0.18332955735307563,""notes"":""target_w=0.0246""},{""ticker"":""DOGE/USDT"",""qty_delta"":2443.788904026238,""price"":0.08839,""cost_usd"":0.10800325061343959,""notes"":""target_w=0.0166""},{""ticker"":""ETC/USDT"",""qty_delta"":25.614137312100894,""price"":7.8,""cost_usd"":0.09989513551719348,""notes"":""target_w=0.0140""},{""ticker"":""ETH/USDT"",""qty_delta"":0.09284381162983268,""price"":2498.55,""cost_usd"":0.11598745277385923,""notes"":""target_w=0.0154""},{""ticker"":""LINK/USDT"",""qty_delta"":15.35970003547591,""price"":11.876,""cost_usd"":0.09120589881065595,""notes"":""target_w=0.0157""},{""ticker"":""LTC/USDT"",""qty_delta"":6.6842161703764305,""price"":49.94,""cost_usd"":0.16690487777429946,""notes"":""target_w=0.0212""},{""ticker"":""SOL/USDT"",""qty_delta"":-0.15257816725605977,""price"":108.95,""cost_usd"":0.008311695661273856,""notes"":""target_w=0.0177""},{""ticker"":""XRP/USDT"",""qty_delta"":122.5116474334485,""price"":1.4512,""cost_usd"":0.08889445137771024,""notes"":""target_w=0.0139""}]",96979.74,-2520.49,-3020.26,74250.73,"{""ADA/USDT"":{""qty"":5486.103111360622,""avg_cost"":0.20267976557605075},""BNB/USDT"":{""qty"":4.328463462711736,""avg_cost"":627.0401255999659},""LINK/USDT"":{""qty"":128.6044889015547,""avg_cost"":9.238552546215077},""BTC/USDT"":{""qty"":0.029807773613380297,""avg_cost"":70228.50898933907},""ETH/USDT"":{""qty"":0.5993820172087966,""avg_cost"":2165.042508038877},""AVAX/USDT"":{""qty"":216.66079665027672,""avg_cost"":7.2037064079057345},""DOGE/USDT"":{""qty"":18240.359325775822,""avg_cost"":0.08107171640403829},""SOL/USDT"":{""qty"":15.736351909828336,""avg_cost"":87.39736222006539},""XRP/USDT"":{""qty"":932.1355734104914,""avg_cost"":1.26864665423606},""ALGO/USDT"":{""qty"":17284.369664504855,""avg_cost"":0.09278604993258345},""BCH/USDT"":{""qty"":3.3458705588287865,""avg_cost"":281.77194138990177},""DOT/USDT"":{""qty"":1584.4435692219208,""avg_cost"":0.8895708681439554},""ETC/USDT"":{""qty"":174.13164866927664,""avg_cost"":7.598415854114514},""LTC/USDT"":{""qty"":41.20144066935615,""avg_cost"":51.247847038553424},""ATOM/USDT"":{""qty"":1177.3243643303244,""avg_cost"":1.5907124882413508},""UNI/USDT"":{""qty"":220.25856706504987,""avg_cost"":4.546715977361427}}"
